source,study,n_base_close,n_base_probe,n_probed,n_base_strength,n_strength,probe_share,strength_share,item_fielded,probe_available,strength_available
IMD,ALB_2005,1079,431,377,648,587,0.8747099767981439,0.9058641975308642,TRUE,FALSE,TRUE
IMD,ALB_2017,1247,682,680,565,564,0.9970674486803519,0.9982300884955753,TRUE,TRUE,TRUE
IMD,ARG_2015,1396,810,807,586,581,0.9962962962962963,0.9914675767918089,TRUE,TRUE,TRUE
IMD,AUS_1996,1739,287,0,1452,1436,0,0.9889807162534435,TRUE,FALSE,TRUE
IMD,AUS_2004,1719,277,0,1442,1403,0,0.9729542302357836,TRUE,FALSE,TRUE
IMD,AUS_2007,1830,284,275,1546,1467,0.9683098591549296,0.9489003880983182,TRUE,TRUE,TRUE
IMD,AUS_2013,3949,498,0,3451,3393,0,0.9831932773109243,TRUE,FALSE,TRUE
IMD,AUS_2019,1989,1180,1175,809,802,0.9957627118644068,0.9913473423980222,TRUE,TRUE,TRUE
IMD,AUT_2008,1152,580,572,572,558,0.9862068965517241,0.9755244755244755,TRUE,TRUE,TRUE
IMD,AUT_2013,988,626,616,362,325,0.9840255591054313,0.8977900552486188,TRUE,TRUE,FALSE
IMD,AUT_2017,1188,609,605,579,557,0.993431855500821,0.9620034542314335,TRUE,TRUE,TRUE
IMD,BELF1999,1959,100,0,1859,0,0,0,TRUE,FALSE,FALSE
IMD,BELF2019,1012,594,567,418,410,0.9545454545454546,0.9808612440191388,TRUE,TRUE,TRUE
IMD,BELW1999,0,0,0,0,0,NA,NA,FALSE,FALSE,FALSE
IMD,BELW2019,686,380,369,306,305,0.9710526315789474,0.9967320261437909,TRUE,TRUE,TRUE
IMD,BEL_2003,2149,1373,0,776,533,0,0.6868556701030928,TRUE,FALSE,FALSE
IMD,BGR_2001,1482,849,849,633,616,1,0.9731437598736177,TRUE,TRUE,TRUE
IMD,BGR_2014,981,621,605,360,346,0.9742351046698873,0.9611111111111111,TRUE,TRUE,TRUE
IMD,BLR_2001,711,628,575,83,80,0.9156050955414012,0.963855421686747,TRUE,TRUE,TRUE
IMD,BLR_2008,880,768,749,112,98,0.9752604166666666,0.875,TRUE,TRUE,FALSE
IMD,BRA_2002,2466,1249,1200,1217,1083,0.9607686148919136,0.8898931799506984,TRUE,TRUE,FALSE
IMD,BRA_2006,976,650,650,326,320,1,0.9815950920245399,TRUE,TRUE,TRUE
IMD,BRA_2010,1986,1033,1033,953,596,1,0.6253934942287513,TRUE,TRUE,FALSE
IMD,BRA_2014,2924,2127,2087,797,662,0.9811941701927598,0.8306148055207027,TRUE,TRUE,FALSE
IMD,BRA_2018,2485,2088,2078,397,308,0.9952107279693486,0.7758186397984886,TRUE,TRUE,FALSE
IMD,CAN_1997,1840,881,0,959,943,0,0.9833159541188738,TRUE,FALSE,TRUE
IMD,CAN_2004,1622,997,929,625,617,0.9317953861584755,0.9872,TRUE,TRUE,TRUE
IMD,CAN_2008,1922,1150,1148,772,764,0.9982608695652174,0.9896373056994818,TRUE,TRUE,TRUE
IMD,CAN_2011,1064,557,550,507,505,0.9874326750448833,0.9960552268244576,TRUE,TRUE,TRUE
IMD,CAN_2015,1257,642,640,615,615,0.9968847352024922,1,TRUE,TRUE,TRUE
IMD,CAN_2019,2811,1506,1477,1305,1283,0.9807436918990704,0.9831417624521073,TRUE,TRUE,TRUE
IMD,CHE_1999,2028,1283,1273,745,712,0.9922057677318784,0.9557046979865772,TRUE,TRUE,TRUE
IMD,CHE_2003,1403,773,769,630,608,0.9948253557567918,0.9650793650793651,TRUE,TRUE,TRUE
IMD,CHE_2007,3145,1876,0,1269,1198,0,0.9440504334121356,TRUE,FALSE,TRUE
IMD,CHE_2011,4356,2616,2595,1740,1692,0.9919724770642202,0.9724137931034482,TRUE,TRUE,TRUE
IMD,CHE_2019,4598,2813,2794,1785,1757,0.9932456452186278,0.984313725490196,TRUE,TRUE,TRUE
IMD,CHL_1999,1163,922,899,241,0,0.9750542299349241,0,TRUE,TRUE,FALSE
IMD,CHL_2005,1164,755,718,409,399,0.9509933774834437,0.9755501222493888,TRUE,TRUE,TRUE
IMD,CHL_2009,1181,871,818,310,296,0.939150401836969,0.9548387096774194,TRUE,TRUE,TRUE
IMD,CHL_2017,1936,1670,1632,266,260,0.9772455089820359,0.9774436090225563,TRUE,TRUE,TRUE
IMD,CRI_2018,1448,1122,1015,326,307,0.9046345811051694,0.941717791411043,TRUE,TRUE,TRUE
IMD,CZE_1996,1125,576,561,549,520,0.9739583333333334,0.9471766848816029,TRUE,TRUE,TRUE
IMD,CZE_2002,862,313,274,549,382,0.8753993610223643,0.6958105646630237,TRUE,FALSE,FALSE
IMD,CZE_2006,1884,1052,963,832,801,0.9153992395437263,0.9627403846153846,TRUE,TRUE,TRUE
IMD,CZE_2010,1752,1055,1002,697,644,0.9497630331753555,0.9239598278335724,TRUE,TRUE,TRUE
IMD,CZE_2013,1573,1067,1004,506,475,0.9409559512652296,0.9387351778656127,TRUE,TRUE,TRUE
IMD,CZE_2017,1447,855,821,592,559,0.960233918128655,0.9442567567567568,TRUE,TRUE,TRUE
IMD,CZE_2021,1423,850,809,573,540,0.951764705882353,0.9424083769633508,TRUE,TRUE,TRUE
IMD,DEU12002,1992,1241,1234,751,736,0.9943593875906527,0.9800266311584553,TRUE,TRUE,TRUE
IMD,DEU22002,992,502,477,490,449,0.950199203187251,0.9163265306122449,TRUE,TRUE,TRUE
IMD,DEU_1998,1997,1251,1246,746,678,0.9960031974420464,0.9088471849865952,TRUE,TRUE,TRUE
IMD,DEU_2005,2011,1110,1107,901,893,0.9972972972972973,0.9911209766925638,TRUE,TRUE,TRUE
IMD,DEU_2009,2015,1026,1002,989,961,0.9766081871345029,0.9716885743174924,TRUE,TRUE,TRUE
IMD,DEU_2013,1830,943,918,887,860,0.9734888653234358,0.9695603156708005,TRUE,TRUE,TRUE
IMD,DEU_2017,2013,1194,1184,819,803,0.9916247906197655,0.9804639804639804,TRUE,TRUE,TRUE
IMD,DEU_2021,3139,1878,1863,1261,1241,0.9920127795527156,0.9841395717684377,TRUE,TRUE,TRUE
IMD,DNK_1998,1951,949,917,1002,985,0.9662802950474183,0.9830339321357285,TRUE,TRUE,TRUE
IMD,DNK_2001,1894,947,947,947,935,1,0.9873284054910243,TRUE,TRUE,TRUE
IMD,DNK_2007,1303,570,538,733,712,0.9438596491228071,0.9713506139154161,TRUE,TRUE,TRUE
IMD,DNK_2019,1305,966,924,339,333,0.9565217391304348,0.9823008849557522,TRUE,TRUE,TRUE
IMD,ESP_1996,1199,677,659,522,497,0.9734121122599705,0.9521072796934866,TRUE,TRUE,TRUE
IMD,ESP_2000,1193,692,672,501,488,0.9710982658959537,0.9740518962075848,TRUE,TRUE,TRUE
IMD,ESP_2004,1168,452,436,716,695,0.9646017699115044,0.9706703910614525,TRUE,TRUE,TRUE
IMD,ESP_2008,1188,443,434,745,730,0.9796839729119639,0.9798657718120806,TRUE,TRUE,TRUE
IMD,EST_2011,946,566,542,380,374,0.9575971731448764,0.9842105263157894,TRUE,TRUE,TRUE
IMD,FIN_2003,1174,627,616,547,506,0.9824561403508771,0.9250457038391224,TRUE,TRUE,TRUE
IMD,FIN_2007,1241,554,539,687,668,0.9729241877256317,0.9723435225618632,TRUE,TRUE,TRUE
IMD,FIN_2011,1267,569,558,698,678,0.9806678383128296,0.9713467048710601,TRUE,TRUE,TRUE
IMD,FIN_2015,1578,805,799,773,0,0.9925465838509316,0,TRUE,TRUE,FALSE
IMD,FIN_2019,1412,545,507,867,0,0.9302752293577982,0,TRUE,TRUE,FALSE
IMD,FRA_2002,990,438,436,552,510,0.9954337899543378,0.9239130434782609,TRUE,TRUE,TRUE
IMD,FRA_2007,1989,575,570,1414,1395,0.991304347826087,0.9865629420084866,TRUE,TRUE,TRUE
IMD,FRA_2012,1985,772,760,1213,1200,0.9844559585492227,0.989282769991756,TRUE,TRUE,TRUE
IMD,FRA_2017,1810,868,861,942,922,0.9919354838709677,0.9787685774946921,TRUE,TRUE,TRUE
IMD,GBR_1997,2863,1466,1445,1397,1377,0.985675306957708,0.9856836077308518,TRUE,TRUE,TRUE
IMD,GBR_2005,853,551,543,302,298,0.985480943738657,0.9867549668874173,TRUE,TRUE,TRUE
IMD,GBR_2015,1490,727,708,763,753,0.9738651994497937,0.9868938401048493,TRUE,TRUE,TRUE
IMD,GBR_2017,927,347,342,580,543,0.9855907780979827,0.9362068965517242,TRUE,TRUE,TRUE
IMD,GBR_2019,2297,1183,1142,1114,1098,0.9653423499577346,0.9856373429084381,TRUE,TRUE,TRUE
IMD,GRC12015,977,623,619,354,347,0.9935794542536116,0.980225988700565,TRUE,TRUE,TRUE
IMD,GRC22015,1020,643,629,377,355,0.9782270606531882,0.9416445623342176,TRUE,TRUE,TRUE
IMD,GRC_2009,1016,393,385,623,591,0.9796437659033079,0.9486356340288925,TRUE,TRUE,TRUE
IMD,GRC_2012,1010,631,611,379,361,0.9683042789223455,0.9525065963060686,TRUE,TRUE,TRUE
IMD,GRC_2019,1161,627,602,534,485,0.960127591706539,0.9082397003745318,TRUE,TRUE,TRUE
IMD,HKG_1998,952,873,853,79,67,0.97709049255441,0.8481012658227848,TRUE,TRUE,FALSE
IMD,HKG_2000,645,598,490,47,36,0.8193979933110368,0.7659574468085106,TRUE,FALSE,FALSE
IMD,HKG_2004,508,365,331,143,136,0.9068493150684932,0.951048951048951,TRUE,TRUE,TRUE
IMD,HKG_2008,770,516,493,254,200,0.9554263565891473,0.7874015748031497,TRUE,TRUE,FALSE
IMD,HKG_2012,980,629,612,351,347,0.972972972972973,0.9886039886039886,TRUE,TRUE,TRUE
IMD,HKG_2016,954,640,612,314,300,0.95625,0.9554140127388535,TRUE,TRUE,TRUE
IMD,HRV_2007,981,577,567,404,388,0.9826689774696707,0.9603960396039604,TRUE,TRUE,TRUE
IMD,HUN_1998,1520,976,958,544,414,0.9815573770491803,0.7610294117647058,TRUE,TRUE,FALSE
IMD,HUN_2002,1191,564,557,627,7,0.9875886524822695,0.011164274322169059,TRUE,TRUE,FALSE
IMD,HUN_2018,1152,758,752,394,374,0.9920844327176781,0.949238578680203,TRUE,TRUE,TRUE
IMD,IND_2019,11340,5150,0,6190,0,0,0,TRUE,FALSE,FALSE
IMD,IRL_2002,2313,1645,1499,668,618,0.9112462006079027,0.9251497005988024,TRUE,TRUE,TRUE
IMD,IRL_2007,1400,961,878,439,408,0.9136316337148803,0.929384965831435,TRUE,TRUE,TRUE
IMD,IRL_2011,1809,1423,1348,386,0,0.9472944483485594,0,TRUE,TRUE,FALSE
IMD,IRL_2016,999,693,692,306,306,0.9985569985569985,1,TRUE,TRUE,TRUE
IMD,ISL_1999,1608,778,767,830,810,0.9858611825192802,0.9759036144578314,TRUE,TRUE,TRUE
IMD,ISL_2003,1403,643,619,760,649,0.9626749611197511,0.8539473684210527,TRUE,TRUE,FALSE
IMD,ISL_2007,1559,783,770,776,753,0.9833971902937421,0.970360824742268,TRUE,TRUE,TRUE
IMD,ISL_2009,1328,652,646,676,662,0.99079754601227,0.9792899408284024,TRUE,TRUE,TRUE
IMD,ISL_2013,1432,778,768,654,641,0.987146529562982,0.9801223241590215,TRUE,TRUE,TRUE
IMD,ISL_2016,1230,687,680,543,529,0.9898107714701602,0.9742173112338858,TRUE,TRUE,TRUE
IMD,ISL_2017,1998,1099,1077,899,870,0.9799818016378526,0.967741935483871,TRUE,TRUE,TRUE
IMD,ISR_1996,1077,386,0,691,682,0,0.9869753979739508,TRUE,FALSE,TRUE
IMD,ISR_2003,1174,442,434,732,652,0.9819004524886877,0.8907103825136612,TRUE,TRUE,FALSE
IMD,ISR_2006,1172,640,634,532,525,0.990625,0.9868421052631579,TRUE,TRUE,TRUE
IMD,ISR_2013,997,593,579,404,384,0.9763912310286678,0.9504950495049505,TRUE,TRUE,TRUE
IMD,ISR_2020,1195,690,678,505,439,0.9826086956521739,0.8693069306930693,TRUE,TRUE,FALSE
IMD,ITA_2006,1169,663,650,506,387,0.9803921568627451,0.7648221343873518,TRUE,TRUE,FALSE
IMD,ITA_2018,1933,1103,1083,830,825,0.9818676337262012,0.9939759036144579,TRUE,TRUE,TRUE
IMD,JPN_1996,1327,812,812,515,440,1,0.8543689320388349,TRUE,TRUE,FALSE
IMD,JPN_2004,1712,682,618,1030,982,0.906158357771261,0.9533980582524272,TRUE,TRUE,TRUE
IMD,JPN_2007,1273,702,669,571,538,0.9529914529914529,0.9422066549912435,TRUE,TRUE,TRUE
IMD,JPN_2013,1896,1085,1078,811,807,0.9935483870967742,0.9950678175092479,TRUE,TRUE,TRUE
IMD,JPN_2017,1664,1316,1290,348,320,0.9802431610942249,0.9195402298850575,TRUE,TRUE,TRUE
IMD,KEN_2013,1181,341,341,840,0,1,0,TRUE,TRUE,FALSE
IMD,KGZ_2005,1596,1260,1142,336,286,0.9063492063492063,0.8511904761904762,TRUE,TRUE,FALSE
IMD,KOR_2000,937,681,641,256,254,0.9412628487518355,0.9921875,TRUE,TRUE,TRUE
IMD,KOR_2004,1279,767,683,512,436,0.8904823989569752,0.8515625,TRUE,FALSE,FALSE
IMD,KOR_2008,933,555,534,378,356,0.9621621621621622,0.9417989417989417,TRUE,TRUE,TRUE
IMD,KOR_2012,933,471,463,462,439,0.9830148619957537,0.9502164502164502,TRUE,TRUE,TRUE
IMD,KOR_2016,1199,602,602,597,597,1,1,TRUE,TRUE,TRUE
IMD,LTU_1997,900,589,542,311,297,0.9202037351443124,0.954983922829582,TRUE,TRUE,TRUE
IMD,LTU_2016,1429,1072,1047,357,317,0.976679104477612,0.8879551820728291,TRUE,TRUE,FALSE
IMD,LTU_2020,1585,1080,1042,505,474,0.9648148148148148,0.9386138613861386,TRUE,TRUE,TRUE
IMD,LVA_2010,984,422,0,562,552,0,0.9822064056939501,TRUE,FALSE,TRUE
IMD,LVA_2011,972,536,0,436,422,0,0.9678899082568807,TRUE,FALSE,TRUE
IMD,LVA_2014,1005,468,0,537,528,0,0.9832402234636871,TRUE,FALSE,TRUE
IMD,LVA_2018,0,0,0,0,0,NA,NA,FALSE,FALSE,FALSE
IMD,MEX_1997,2029,1121,1051,908,876,0.9375557537912578,0.9647577092511013,TRUE,TRUE,TRUE
IMD,MEX_2000,1742,831,785,911,879,0.9446450060168472,0.964873765093304,TRUE,TRUE,TRUE
IMD,MEX_2003,1964,944,929,1020,967,0.9841101694915254,0.9480392156862745,TRUE,TRUE,TRUE
IMD,MEX_2006,1572,678,673,894,865,0.9926253687315634,0.9675615212527964,TRUE,TRUE,TRUE
IMD,MEX_2009,2368,1029,1012,1339,1297,0.9834791059280855,0.9686333084391336,TRUE,TRUE,TRUE
IMD,MEX_2012,2368,1307,1274,1061,1019,0.9747513389441469,0.9604147031102733,TRUE,TRUE,TRUE
IMD,MEX_2015,1181,614,594,567,533,0.9674267100977199,0.9400352733686067,TRUE,TRUE,TRUE
IMD,MEX_2018,1055,602,540,453,448,0.8970099667774086,0.9889624724061811,TRUE,FALSE,TRUE
IMD,MNE_2012,882,468,427,414,352,0.9123931623931624,0.8502415458937198,TRUE,TRUE,FALSE
IMD,MNE_2016,1172,723,703,449,429,0.9723374827109267,0.955456570155902,TRUE,TRUE,TRUE
IMD,NLD_1998,2099,1514,1513,585,585,0.9993394980184941,1,TRUE,TRUE,TRUE
IMD,NLD_2002,1564,947,930,617,616,0.9820485744456178,0.9983792544570502,TRUE,TRUE,TRUE
IMD,NLD_2006,2351,1610,1605,741,738,0.9968944099378882,0.9959514170040485,TRUE,TRUE,TRUE
IMD,NLD_2010,2148,1512,1507,636,636,0.9966931216931217,1,TRUE,TRUE,TRUE
IMD,NLD_2017,1869,1346,1322,523,482,0.9821693907875185,0.9216061185468452,TRUE,TRUE,TRUE
IMD,NLD_2021,3228,2592,2516,636,629,0.970679012345679,0.9889937106918238,TRUE,TRUE,TRUE
IMD,NOR_1997,2053,967,967,1086,1085,1,0.9990791896869244,TRUE,TRUE,TRUE
IMD,NOR_2001,2021,1187,0,834,823,0,0.986810551558753,TRUE,FALSE,TRUE
IMD,NOR_2005,1987,1037,0,950,950,0,1,TRUE,FALSE,TRUE
IMD,NOR_2009,1767,837,0,930,925,0,0.9946236559139785,TRUE,FALSE,TRUE
IMD,NOR_2013,1710,882,0,828,820,0,0.9903381642512077,TRUE,FALSE,TRUE
IMD,NOR_2017,1779,571,0,1208,1203,0,0.9958609271523179,TRUE,FALSE,TRUE
IMD,NZL_1996,4032,1764,0,2268,0,0,0,TRUE,FALSE,FALSE
IMD,NZL_2002,1682,757,735,925,795,0.9709379128137384,0.8594594594594595,TRUE,TRUE,FALSE
IMD,NZL_2008,1088,564,548,524,321,0.9716312056737588,0.6125954198473282,TRUE,TRUE,FALSE
IMD,NZL_2011,1335,574,565,761,453,0.9843205574912892,0.59526938239159,TRUE,TRUE,FALSE
IMD,NZL_2014,1201,549,537,652,361,0.9781420765027322,0.553680981595092,TRUE,TRUE,FALSE
IMD,NZL_2017,1758,700,681,1058,615,0.9728571428571429,0.5812854442344045,TRUE,TRUE,FALSE
IMD,NZL_2020,1676,637,626,1039,999,0.9827315541601256,0.9615014436958614,TRUE,TRUE,TRUE
IMD,PER_2000,1089,889,877,200,193,0.9865016872890888,0.965,TRUE,TRUE,TRUE
IMD,PER_2001,1101,802,787,299,294,0.9812967581047382,0.9832775919732442,TRUE,TRUE,TRUE
IMD,PER_2006,2002,1212,1202,790,767,0.9917491749174917,0.970886075949367,TRUE,TRUE,TRUE
IMD,PER_2011,1523,776,765,747,732,0.9858247422680413,0.9799196787148594,TRUE,TRUE,TRUE
IMD,PER_2016,1560,975,0,585,542,0,0.9264957264957265,TRUE,FALSE,TRUE
IMD,PER_2021,1191,1009,1006,182,171,0.9970267591674926,0.9395604395604396,TRUE,TRUE,TRUE
IMD,PHL_2004,1146,963,904,183,136,0.9387331256490135,0.7431693989071039,TRUE,TRUE,FALSE
IMD,PHL_2010,1128,929,916,199,154,0.9860064585575888,0.7738693467336684,TRUE,TRUE,FALSE
IMD,PHL_2016,1194,980,978,214,181,0.9979591836734694,0.8457943925233645,TRUE,TRUE,FALSE
IMD,POL_1997,1856,859,835,997,957,0.9720605355064028,0.9598796389167502,TRUE,TRUE,TRUE
IMD,POL_2001,1614,940,884,674,634,0.9404255319148936,0.9406528189910979,TRUE,TRUE,TRUE
IMD,POL_2005,2329,1147,1117,1182,1133,0.97384481255449,0.9585448392554992,TRUE,TRUE,TRUE
IMD,POL_2007,1721,812,777,909,597,0.9568965517241379,0.6567656765676567,TRUE,TRUE,FALSE
IMD,POL_2011,1839,1162,1137,677,649,0.9784853700516352,0.9586410635155096,TRUE,TRUE,TRUE
IMD,POL_2019,1881,1001,972,880,838,0.971028971028971,0.9522727272727273,TRUE,TRUE,TRUE
IMD,PRT_2002,1298,625,616,673,593,0.9856,0.8811292719167905,TRUE,TRUE,FALSE
IMD,PRT_2005,2721,1500,1440,1221,1060,0.96,0.8681408681408681,TRUE,TRUE,FALSE
IMD,PRT_2009,1307,715,706,592,522,0.9874125874125874,0.8817567567567568,TRUE,TRUE,FALSE
IMD,PRT_2015,1462,848,833,614,553,0.9823113207547169,0.9006514657980456,TRUE,TRUE,TRUE
IMD,PRT_2019,1481,863,861,618,566,0.9976825028968713,0.9158576051779935,TRUE,TRUE,TRUE
IMD,ROU_1996,1115,590,320,525,478,0.5423728813559322,0.9104761904761904,TRUE,FALSE,TRUE
IMD,ROU_2004,730,1,0,729,561,0,0.7695473251028807,TRUE,FALSE,FALSE
IMD,ROU_2009,1350,670,660,680,675,0.9850746268656716,0.9926470588235294,TRUE,TRUE,TRUE
IMD,ROU_2012,2206,1531,1514,675,667,0.9888961463096015,0.9881481481481481,TRUE,TRUE,TRUE
IMD,ROU_2014,1085,809,801,276,267,0.9901112484548825,0.967391304347826,TRUE,TRUE,TRUE
IMD,ROU_2016,1058,660,651,398,395,0.9863636363636363,0.992462311557789,TRUE,TRUE,TRUE
IMD,RUS_1999,1715,642,606,1073,1050,0.9439252336448598,0.97856477166822,TRUE,TRUE,TRUE
IMD,RUS_2000,1660,841,793,819,807,0.9429250891795482,0.9853479853479854,TRUE,TRUE,TRUE
IMD,RUS_2004,1390,806,769,584,577,0.9540942928039702,0.988013698630137,TRUE,TRUE,TRUE
IMD,SLV_2019,1480,914,906,566,560,0.9912472647702407,0.9893992932862191,TRUE,TRUE,TRUE
IMD,SRB_2012,1540,1093,1078,447,433,0.9862763037511436,0.9686800894854586,TRUE,TRUE,TRUE
IMD,SVK_2010,1171,330,312,841,786,0.9454545454545454,0.9346016646848989,TRUE,TRUE,TRUE
IMD,SVK_2016,1003,504,482,499,487,0.9563492063492064,0.9759519038076152,TRUE,TRUE,TRUE
IMD,SVK_2020,970,546,530,424,421,0.9706959706959707,0.9929245283018868,TRUE,TRUE,TRUE
IMD,SVN_1996,1880,1472,0,408,0,0,0,TRUE,FALSE,FALSE
IMD,SVN_2004,926,729,672,197,184,0.9218106995884774,0.934010152284264,TRUE,TRUE,TRUE
IMD,SVN_2008,968,758,0,210,193,0,0.919047619047619,TRUE,FALSE,TRUE
IMD,SVN_2011,984,843,0,141,133,0,0.9432624113475178,TRUE,FALSE,TRUE
IMD,SWE_1998,1016,476,470,540,533,0.9873949579831933,0.987037037037037,TRUE,TRUE,TRUE
IMD,SWE_2002,1047,536,529,511,498,0.9869402985074627,0.974559686888454,TRUE,TRUE,TRUE
IMD,SWE_2006,1131,571,568,560,549,0.9947460595446584,0.9803571428571428,TRUE,TRUE,TRUE
IMD,SWE_2014,825,395,392,430,426,0.9924050632911392,0.9906976744186047,TRUE,TRUE,TRUE
IMD,SWE_2018,3662,1670,1618,1992,1957,0.9688622754491018,0.982429718875502,TRUE,TRUE,TRUE
IMD,THA_2001,720,565,61,155,38,0.1079646017699115,0.24516129032258063,TRUE,FALSE,FALSE
IMD,THA_2007,1806,1682,1615,124,105,0.960166468489893,0.8467741935483871,TRUE,TRUE,FALSE
IMD,THA_2011,1287,1132,1089,155,130,0.9620141342756183,0.8387096774193549,TRUE,TRUE,FALSE
IMD,THA_2019,1169,1010,951,159,111,0.9415841584158415,0.6981132075471698,TRUE,TRUE,FALSE
IMD,TUN_2019,0,0,0,0,0,NA,NA,FALSE,FALSE,FALSE
IMD,TUR_2011,1087,283,264,804,769,0.9328621908127208,0.9564676616915423,TRUE,TRUE,TRUE
IMD,TUR_2015,1068,273,271,795,760,0.9926739926739927,0.9559748427672956,TRUE,TRUE,TRUE
IMD,TUR_2018,1046,353,338,693,637,0.9575070821529745,0.9191919191919192,TRUE,TRUE,TRUE
IMD,TWN_1996,1154,764,756,390,383,0.9895287958115183,0.982051282051282,TRUE,TRUE,TRUE
IMD,TWN_2001,1950,1116,1084,834,824,0.9713261648745519,0.988009592326139,TRUE,TRUE,TRUE
IMD,TWN_2004,1739,888,871,851,835,0.9808558558558559,0.981198589894242,TRUE,TRUE,TRUE
IMD,TWN_2008,1841,896,878,945,932,0.9799107142857143,0.9862433862433863,TRUE,TRUE,TRUE
IMD,TWN_2012,1774,776,766,998,970,0.9871134020618557,0.9719438877755511,TRUE,TRUE,TRUE
IMD,TWN_2016,1630,794,787,836,825,0.9911838790931989,0.9868421052631579,TRUE,TRUE,TRUE
IMD,TWN_2020,1671,828,826,843,838,0.9975845410628019,0.9940688018979834,TRUE,TRUE,TRUE
IMD,UKR_1998,981,289,258,692,638,0.8927335640138409,0.9219653179190751,TRUE,FALSE,TRUE
IMD,URY_2009,937,187,187,750,743,1,0.9906666666666667,TRUE,TRUE,TRUE
IMD,URY_2019,1182,125,0,1057,1047,0,0.9905392620624409,TRUE,FALSE,TRUE
IMD,USA_1996,1525,655,655,870,870,1,1,TRUE,TRUE,TRUE
IMD,USA_2004,1061,458,439,603,602,0.9585152838427947,0.9983416252072969,TRUE,TRUE,TRUE
IMD,USA_2008,2073,766,753,1307,1292,0.9830287206266318,0.9885233358837031,TRUE,TRUE,TRUE
IMD,USA_2012,1918,752,744,1166,1163,0.9893617021276596,0.9974271012006861,TRUE,TRUE,TRUE
IMD,USA_2016,3625,1629,1465,1996,1993,0.8993247391037447,0.998496993987976,TRUE,FALSE,TRUE
IMD,USA_2020,7352,3001,2998,4351,4345,0.9990003332222592,0.9986210066651344,TRUE,TRUE,TRUE
IMD,ZAF_2009,1139,373,366,766,762,0.9812332439678284,0.9947780678851175,TRUE,TRUE,TRUE
IMD,ZAF_2014,1136,409,402,727,719,0.9828850855745721,0.9889958734525447,TRUE,TRUE,TRUE
MOD6,AUS_2022,3259,1947,1941,1312,1302,0.9969183359013868,0.9923780487804879,TRUE,TRUE,TRUE
MOD6,AUT_2024,1486,846,826,640,580,0.9763593380614657,0.90625,TRUE,TRUE,TRUE
MOD6,BRA_2022,1977,1624,1614,353,346,0.9938423645320197,0.9801699716713881,TRUE,TRUE,TRUE
MOD6,CHE_2023,4965,2866,2676,2099,1954,0.933705512909979,0.9309194854692711,TRUE,TRUE,TRUE
MOD6,DNK_2022,1418,1049,990,369,362,0.9437559580552908,0.981029810298103,TRUE,TRUE,TRUE
MOD6,FRA_2022,1552,755,740,797,785,0.9801324503311258,0.9849435382685069,TRUE,TRUE,TRUE
MOD6,MKD_2024,1009,689,680,320,294,0.9869375907111756,0.91875,TRUE,TRUE,TRUE
MOD6,MNE_2023,1178,631,624,547,531,0.9889064976228209,0.9707495429616088,TRUE,TRUE,TRUE
MOD6,NZL_2023,903,346,341,557,499,0.9855491329479769,0.895870736086176,TRUE,TRUE,FALSE
MOD6,POL_2023,1392,627,604,765,720,0.9633173843700159,0.9411764705882353,TRUE,TRUE,TRUE
MOD6,PRT_2022,994,598,596,396,376,0.9966555183946488,0.9494949494949495,TRUE,TRUE,TRUE
MOD6,PRT_2024,991,601,597,390,371,0.9933444259567388,0.9512820512820512,TRUE,TRUE,TRUE
MOD6,SVK_2023,991,627,614,364,363,0.9792663476874003,0.9972527472527473,TRUE,TRUE,TRUE
MOD6,SVN_2022,750,526,483,224,213,0.9182509505703422,0.9508928571428571,TRUE,TRUE,TRUE
MOD6,SWE_2022,2705,1422,1372,1283,1214,0.9648382559774965,0.946219797349961,TRUE,TRUE,TRUE
MOD6,TUR_2023,1478,582,568,896,868,0.9759450171821306,0.96875,TRUE,TRUE,TRUE
MOD6,TWN_2024,1185,491,488,694,694,0.9938900203665988,1,TRUE,TRUE,TRUE
MOD6,USA_2024,4702,1945,1943,2757,2756,0.9989717223650385,0.9996372869060574,TRUE,TRUE,TRUE
