source,country_unit,country_iso3,year,share_attached,share_not_attached,share_dk_refused,share_not_asked,n_raw,n_eff,w_total,reliable,lower,upper
CSES IMD,AUT,AUT,2008,0.7124463519313304,0.27639484978540774,0.006008583690987125,0.005150214592274678,1165,1165,1165,TRUE,0.6857901274968932,0.7377060930346142
CSES IMD,AUT,AUT,2013,0.608,0.38,0.012,0,1000,1000,1000,TRUE,0.57738307724637306,0.6377903126589666
CSES IMD,AUT,AUT,2017,0.7389858686616791,0.2485453034081463,0.012468827930174564,0,1203,1203,1203,TRUE,0.7134346151501925,0.7630156497395826
CSES IMD,BEL,BEL,1999,0.8531436438733364,0.04589261128958238,0,0.10096374483708123,2179,2179,2179,TRUE,0.8376599650770513,0.8673843221492872
CSES IMD,BEL,BEL,2003,0.34876404494382024,0.6170786516853932,0.03415730337078652,0,2225,2225,2225,TRUE,0.3292372921179503,0.3688121340952001
CSES IMD,BEL,BEL,2019,0.639470782800441,0.2965821389195149,0,0.0639470782800441,1814,1814,1814,TRUE,0.6171012133519451,0.6612508718902455
CSES IMD,BGR,BGR,2001,0.6875843454790823,0.3124156545209177,0,0,1482,1482,1482,TRUE,0.6635276386057942,0.7106710646745553
CSES IMD,BGR,BGR,2014,0.5495495495495496,0.43243243243243246,0.018018018018018018,0,999,999,999,TRUE,0.518565102184391,0.5801543765448521
CSES IMD,CZE,CZE,1996,0.7298616761594793,0.1855166802278275,0.08299430431244914,0.0016273393002441008,1229,1229,1229,TRUE,0.7043485335854826,0.7539422963151309
CSES IMD,CZE,CZE,2002,0.6350210970464135,0.2742616033755274,0.07067510548523206,0.020042194092827006,948,948,948,TRUE,0.6038867808198163,0.6650655322541237
CSES IMD,CZE,CZE,2006,0.5894105894105894,0.3516483516483517,0.058941058941058944,0,2002,2002,2002,TRUE,0.5677098305122892,0.6107688689024602
CSES IMD,CZE,CZE,2010,0.5476575121163166,0.39579967689822293,0.05654281098546042,0,1857,1857,1857,TRUE,0.5249442768512627,0.5701739750192889
CSES IMD,CZE,CZE,2013,0.47005444646098005,0.48154869933454325,0.045372050816696916,0.0030248033877797943,1653,1653,1653,TRUE,0.44609092826042474,0.49415682988374554
CSES IMD,CZE,CZE,2017,0.5285439384220654,0.39961513790891595,0.0718409236690186,0,1559,1559,1559,TRUE,0.5037245561357134,0.5532229937631373
CSES IMD,CZE,CZE,2021,0.5140939597315436,0.44093959731543625,0.04496644295302014,0,1490,1490,1490,TRUE,0.48871217000444117,0.5394032607078914
CSES IMD,DEU,DEU,1998,0.6746266028005539,0.31360352461221225,0.011048538354659597,7.213342325742236e-4,2019,1411.4676630541665,2019.0363,TRUE,0.6497388311931194,0.6985663899994485
CSES IMD,DEU,DEU,2002,0.751334769463526,0.2367993597420126,0.0014482151922073983,0.010417655602254081,3023,1770.1626503826358,3023.0314,TRUE,0.7306689308851982,0.7709120789132872
CSES IMD,DEU,DEU,2005,0.811009309791014,0.18515963712281022,0,0.0038310530861756513,2018,1854.5146422042671,2017.983,TRUE,0.7925545904249208,0.8281781902664153
CSES IMD,DEU,DEU,2009,0.6309685333753382,0.33017643219144654,0.038855034433215314,0,2095,1633.9086810427114,2094.9975,TRUE,0.6072888191408662,0.6540338331613579
CSES IMD,DEU,DEU,2013,0.6724887193439258,0.3008017553133878,0.026709525342686422,0,1889,1417.7999703799323,1889.0302,TRUE,0.6476222742642391,0.696422956646297
CSES IMD,DEU,DEU,2017,0.7026670719257431,0.2881272936082323,0.009205634466024579,0,2032,1880.6883082582501,2031.9512000000002,TRUE,0.6816125976783881,0.7228952755789323
CSES IMD,DEU,DEU,2021,0.7822784145083214,0.21373034659149187,0.00399123890018673,0,3152,2913.250680995223,3151.9787,TRUE,0.7669254898283078,0.7968878585900419
CSES IMD,DNK,DNK,1998,0.8020989505247377,0.1729135432283858,0.02498750624687656,0,2001,2001,2001,TRUE,0.7840701716124633,0.8189699887672895
CSES IMD,DNK,DNK,2001,0.8376110562685094,0.09723593287265547,0.06515301085883514,0,2026,2026,2026,TRUE,0.820914954020702,0.8530292591632233
CSES IMD,DNK,DNK,2007,0.8420026790561222,0.05805317391035397,0.0789197423246207,0.021024404708902992,1442,970.4822712884816,1442.0004,TRUE,0.8177118915845196,0.8635965450407772
CSES IMD,DNK,DNK,2019,0.7016925246826516,0.21861777150916784,0.07968970380818054,0,1418,1418,1418,TRUE,0.6773600193632476,0.7249351448800829
CSES IMD,ESP,ESP,1996,0.655940594059406,0.3333333333333333,0.010726072607260726,0,1212,1212,1212,TRUE,0.6287399365494408,0.6821558248721129
CSES IMD,ESP,ESP,2000,0.5844370860927153,0.4031456953642384,0.012417218543046357,0,1208,1208,1208,TRUE,0.5564208450966293,0.6119179873052294
CSES IMD,ESP,ESP,2004,0.6815181518151815,0.28217821782178215,0.036303630363036306,0,1212,1212,1212,TRUE,0.6547505668370023,0.7071386792621607
CSES IMD,ESP,ESP,2008,0.7666112956810631,0.22009966777408638,0.012458471760797342,8.305647840531562e-4,1204,1204,1204,TRUE,0.7418933035549072,0.789633346959531
CSES IMD,EST,EST,2011,0.606,0.34,0.054,0,1000,1000,1000,TRUE,0.5753637323648315,0.6358249651348538
CSES IMD,FIN,FIN,2003,0.6939799331103679,0.28762541806020064,0.01839464882943144,0,1196,1196,1196,TRUE,0.6672753683023946,0.7194423451024414
CSES IMD,FIN,FIN,2007,0.7537022603273578,0.21356196414653156,0.03273577552611068,0,1283,1283,1283,TRUE,0.7293917726231509,0.7764979965605621
CSES IMD,FIN,FIN,2011,0.775808936825886,0.20030816640986132,0.023882896764252697,0,1298,1298,1298,TRUE,0.7523254660932198,0.7976646402300073
CSES IMD,FIN,FIN,2015,0.7208569628229363,0.27347195967233773,0.005671077504725898,0,1587,1587,1587,TRUE,0.6982736816616538,0.7423735832828887
CSES IMD,FIN,FIN,2019,0.7027534418022529,0.18085106382978725,0.11639549436795996,0,1598,1598,1598,TRUE,0.6798795328271531,0.7246548481003993
CSES IMD,FRA,FRA,2002,0.73,0.26,0.005,0.005,1000,1000,1000,TRUE,0.7016415229860244,0.756598103664236
CSES IMD,FRA,FRA,2007,0.8828744311013653,0.11235728034252719,0.0047682885561074655,0,2000,1540.4074715478916,2000.0048,TRUE,0.8658548735565086,0.8979890492920481
CSES IMD,FRA,FRA,2012,0.7864945382323734,0.19910625620655412,0.014399205561072492,0,2014,2014,2014,TRUE,0.7680608960509611,0.8038373143933076
CSES IMD,FRA,FRA,2017,0.7295081967213115,0.25956284153005466,0.009836065573770493,0.001092896174863388,1830,1830,1830,TRUE,0.7086903296689447,0.7493644990578111
CSES IMD,GBR,GBR,1997,0.7839598616836656,0.2034214566363449,0,0.012618681679989438,2897,2127.5603229858307,2896.9825,TRUE,0.7659687677696427,0.800927347433616
CSES IMD,GBR,GBR,2005,0.6773757840675794,0.3129356383191489,0.002588132312188896,0.00710044530108288,860,713.0430094949442,860.0024,TRUE,0.6421909125791319,0.7106596332630415
CSES IMD,GBR,GBR,2015,0.7161094534500437,0.2277388059377649,0.052598263535861244,0.0035534770763300375,1567,1037.3839372981424,1567.0004,TRUE,0.6879132380992706,0.7427109978162231
CSES IMD,GBR,GBR,2017,0.7390716816060511,0.20439551438386191,0.04772252724749811,0.00881027676258889,984,600.5831463771923,983.9986,TRUE,0.7025094955441973,0.7725948862973948
CSES IMD,GBR,GBR,2019,0.6795427670476941,0.2258573117855735,0.086716594402838,0.007883326763894364,2537,2537,2537,TRUE,0.6611241224830373,0.6974184958368139
CSES IMD,GRC,GRC,2009,0.7318982387475538,0.2622309197651663,0.005870841487279843,0,1022,1022,1022,TRUE,0.7039083109205918,0.7581513286962845
CSES IMD,GRC,GRC,2012,0.5490767735665695,0.4324586977648202,0.0184645286686103,0,1029,1029,1029,TRUE,0.5185472950478232,0.5792411751299853
CSES IMD,GRC,GRC,2015,0.6327900287631831,0.3245445829338447,0,0.042665388302972194,2086,2086,2086,TRUE,0.6118770613414233,0.6532148001661666
CSES IMD,GRC,GRC,2019,0.5763548702974788,0.2974099525645756,0,0.12623517713794566,1324,1282.106685450263,1324.0105,TRUE,0.5491179322016059,0.6031356082909781
CSES IMD,HRV,HRV,2007,0.6075697211155379,0.3695219123505976,0.022908366533864542,0,1004,1004,1004,TRUE,0.5770102452400578,0.6373091478074211
CSES IMD,HUN,HUN,1998,0.6268852459016393,0.36983606557377047,0.0013114754098360656,0.0019672131147540984,1525,1525,1525,TRUE,0.6023211117570738,0.6508117177002094
CSES IMD,HUN,HUN,2002,0.775,0.2175,8.333333333333334e-4,0.006666666666666667,1200,1200,1200,TRUE,0.7505169089852259,0.797727976388398
CSES IMD,HUN,HUN,2018,0.45281456953642385,0.5008278145695364,0.046357615894039736,0,1208,1208,1208,TRUE,0.4249377839088036,0.4809905156313344
CSES IMD,IRL,IRL,2002,0.5175935828289606,0.45760015824254113,0.024806258928498248,0,2367,1639.1462530986678,2366.9994,TRUE,0.4933900216992795,0.5417148700603067
CSES IMD,IRL,IRL,2007,0.554006968641115,0.42160278745644597,0.015331010452961672,0.009059233449477353,1435,1435,1435,TRUE,0.5281778626140265,0.5795476854935622
CSES IMD,IRL,IRL,2011,0.34970318402590395,0.6265515380464112,0.023745277927684834,0,1853,1853,1853,TRUE,0.3283211687807374,0.3717070942655019
CSES IMD,IRL,IRL,2016,0.669,0.33,0.001,0,1000,1000,1000,TRUE,0.6392355125320964,0.6974709957457036
CSES IMD,ITA,ITA,2006,0.40514246004169563,0.40722724113968034,0.18763029881862406,0,1439,1439,1439,TRUE,0.38006248298818984,0.43072755799759826
CSES IMD,ITA,ITA,2018,0.6412055190385881,0.32532489950309784,0.03346958145831405,0,2001,1948.3174557777168,2000.9572,TRUE,0.6196483608174643,0.6622069283617591
CSES IMD,LTU,LTU,1997,0.4261645193260654,0.4658077304261645,0.10802775024777007,0,1009,1009,1009,TRUE,0.3959876475329279,0.456901491301812
CSES IMD,LTU,LTU,2016,0.32,0.6326666666666667,0.04733333333333333,0,1500,1500,1500,TRUE,0.296878552122238,0.344041076647175
CSES IMD,LTU,LTU,2020,0.4407636159460977,0.44918585064570465,0.11005053340819765,0,1781,1781,1781,TRUE,0.41785742614847643,0.46392480035274364
CSES IMD,LVA,LVA,2010,0.5592039800995025,0.4199004975124378,0.020895522388059702,0,1005,1005,1005,TRUE,0.5283405434712376,0.589616527291903
CSES IMD,LVA,LVA,2011,0.43332394420066345,0.5346851426736479,0.03199091312568875,0,1004,988.524437633183,1003.9976,TRUE,0.40274953050534523,0.4644145842202312
CSES IMD,LVA,LVA,2014,0.5183397683397684,0.4517374517374517,0.029922779922779922,0,1036,1036,1036,TRUE,0.4879015643308756,0.5486424631440784
CSES IMD,NLD,NLD,1998,0.7143953358101597,0.2846440241578859,9.60640031954382e-4,0,2101,1943.489957536092,2100.9951,TRUE,0.6939052898666658,0.7340394845885192
CSES IMD,NLD,NLD,2002,0.8030495552731893,0.1905972045743329,0.0063532401524777635,0,1574,1574,1574,TRUE,0.7826744588330639,0.82194897104735
CSES IMD,NLD,NLD,2006,0.705383637134379,0.29122509537939806,0.003391267486222976,0,2359,2359,2359,TRUE,0.6866652284517216,0.7234342043667967
CSES IMD,NLD,NLD,2010,0.6985601486298189,0.29911751045053414,0.0023223409196470044,0,2153,2153,2153,TRUE,0.6788368469884299,0.7175761302093392
CSES IMD,NLD,NLD,2017,0.6994219653179191,0.28271150814503415,0,0.01786652653704677,1903,1903,1903,TRUE,0.6784362025610937,0.719604201004677
CSES IMD,NLD,NLD,2021,0.6645624103299856,0.2616929698708752,0.05509325681492109,0.018651362984218076,3485,3485,3485,TRUE,0.6487130401687825,0.6800493777065374
CSES IMD,POL,POL,1997,0.6228183396043482,0.30188045572675165,0.07462162353092126,6.795811379788851e-4,2003,1615.7568528232491,2002.9985,TRUE,0.5989199860590455,0.6461340562218352
CSES IMD,POL,POL,2001,0.5274846300552758,0.37554448720725064,0.09615823148715624,8.126512503173766e-4,1794,1454.5884542083174,1794.0045,TRUE,0.5017893576238633,0.553035109865999
CSES IMD,POL,POL,2005,0.6436303080766028,0.3259783513738551,0.030391340549542047,0,2402,2402,2402,TRUE,0.624261824504329,0.6625400996123709
CSES IMD,POL,POL,2007,0.6582278481012658,0.28893780957622456,0.050082553659878924,0.00275178866263071,1817,1817,1817,TRUE,0.6361055151195617,0.6796825248724946
CSES IMD,POL,POL,2011,0.5435122459614382,0.41479937467430955,0.041688379364252216,0,1919,1919,1919,TRUE,0.5211611259063105,0.5656895018313044
CSES IMD,POL,POL,2019,0.5671492760858712,0.37194208686969543,0.06090863704443335,0,2003,2003,2003,TRUE,0.5453424503610584,0.588699020575163
CSES IMD,PRT,PRT,2002,0.6707597851112816,0.3254029163468918,0.003837298541826554,0,1303,1303,1303,TRUE,0.6447737474293579,0.6957418896608601
CSES IMD,PRT,PRT,2005,0.6961799357372367,0.2752588361299536,0.028561228132809712,0,2801,2801,2801,TRUE,0.6788886769950482,0.7129338059572867
CSES IMD,PRT,PRT,2009,0.6914893617021277,0.30167173252279633,0,0.006838905775075988,1316,1316,1316,TRUE,0.6660072075435545,0.7158567979552873
CSES IMD,PRT,PRT,2015,0.5537024683122082,0.4216144096064043,0.024683122081387593,0,1499,1499,1499,TRUE,0.5284314933206287,0.5786988922103549
CSES IMD,PRT,PRT,2019,0.5106666666666667,0.4766666666666667,0.012666666666666666,0,1500,1500,1500,TRUE,0.4853740036223316,0.535904833191333
CSES IMD,ROU,ROU,1996,0.5259574468085106,0.4229787234042553,0.05106382978723404,0,1175,1175,1175,TRUE,0.49736830448973074,0.5543774092685891
CSES IMD,ROU,ROU,2004,0.3810768426555149,5.227391531625719e-4,0.6184004181913225,0,1913,1913,1913,TRUE,0.35957246893000794,0.40305789134597936
CSES IMD,ROU,ROU,2009,0.5723449750534568,0.38987883107626514,0.037776193870277974,0,1403,1403,1403,TRUE,0.5462937751953174,0.5980010764781047
CSES IMD,ROU,ROU,2012,0.38970305554096724,0.5765308793004222,0.033766065158610546,0,2283,2207.7293349627967,2283.0229,TRUE,0.36956815451024466,0.4102211382595436
CSES IMD,ROU,ROU,2014,0.3100330927122022,0.6737180339768871,0.01434760935977261,0.0019012639511380022,1112,764.644371223553,1111.9971,TRUE,0.278268296067708,0.34369714815481056
CSES IMD,ROU,ROU,2016,0.5151575839593789,0.4469799492237408,0.03786246681688022,0,1105,876.7592612355174,1105.0046,TRUE,0.48208205088016814,0.5481008678503327
CSES IMD,SVK,SVK,2010,0.7896924355777224,0.18370739817123857,0.01828761429758936,0.00831255195344971,1203,1203,1203,TRUE,0.7657592442811607,0.8117813376808798
CSES IMD,SVK,SVK,2016,0.4834782608695652,0.38869565217391305,0.11478260869565217,0.013043478260869565,1150,1150,1150,TRUE,0.45469849492184466,0.5123680417674201
CSES IMD,SVK,SVK,2020,0.5169495200842195,0.45162661693846323,0.023903116942600833,0.007520746034716488,1003,743.782763464211,1002.9989,TRUE,0.48104157054785573,0.5526832824765104
CSES IMD,SVN,SVN,1996,0.20088626292466766,0.724766125061546,0.0723781388478582,0.0019694731659281144,2031,2031,2031,TRUE,0.1840329526335599,0.21886897349179552
CSES IMD,SVN,SVN,2004,0.3912175648702595,0.5329341317365269,0.06087824351297405,0.014970059880239521,1002,1002,1002,TRUE,0.36147016331528103,0.42179590959321667
CSES IMD,SVN,SVN,2008,0.1990521327014218,0.7184834123222749,0.061611374407582936,0.02085308056872038,1055,1055,1055,TRUE,0.17606862310307048,0.2242193897592878
CSES IMD,SVN,SVN,2011,0.1367604267701261,0.8176527643064986,0.03394762366634336,0.011639185257032008,1031,1031,1031,TRUE,0.1171308659695846,0.1590868662901158
CSES IMD,SWE,SWE,1998,0.742437337942956,0.13569576490924806,0.014693171996542784,0.10717372515125324,1157,1157,1157,TRUE,0.7164662808372027,0.766803788050749
CSES IMD,SWE,SWE,2002,0.839622641509434,0.1481132075471698,0.012264150943396227,0,1060,1060,1060,TRUE,0.8163110179394765,0.8604814669567712
CSES IMD,SWE,SWE,2006,0.6024563671622495,0.1286360698125404,0.005171299288946348,0.26373626373626374,1547,1547,1547,TRUE,0.5778440390419859,0.6265611045909938
CSES IMD,SWE,SWE,2014,0.8485576923076923,0.14302884615384615,0.008413461538461538,0,832,832,832,TRUE,0.8226000324413032,0.8713113498110279
CSES IMD,SWE,SWE,2018,0.8017970401691332,0.16596194503171247,0,0.03224101479915433,3784,3784,3784,TRUE,0.7887918394598511,0.8141900803754453
CSES MOD6,AUT,AUT,2024,0.6711281070745698,0.27597195666029317,0.05289993626513703,0,1569,1569,1569,TRUE,0.647488111934641,0.6939321556879856
CSES MOD6,DNK,DNK,2022,0.6442866365397031,0.2711426726920594,0.08457069076823757,0,1549,1549,1549,TRUE,0.6201157608349989,0.6677436061474417
CSES MOD6,FRA,FRA,2022,0.7898412698412698,0.19555555555555557,0,0.014603174603174604,1575,1575,1575,TRUE,0.7690267024209461,0.8092453674307729
CSES MOD6,POL,POL,2023,0.6066666666666667,0.32133333333333336,0.072,0,1500,1500,1500,TRUE,0.581703284405766,0.6310850837308782
CSES MOD6,PRT,PRT,2022,0.5712871287128712,0.41287128712871285,0.015841584158415842,0,1010,1010,1010,TRUE,0.5405521941614613,0.601481827721247
CSES MOD6,PRT,PRT,2024,0.4885114885114885,0.5014985014985015,0.00999000999000999,0,1001,1001,1001,TRUE,0.45764796981106204,0.5194628504416026
CSES MOD6,SVK,SVK,2023,0.4631525076765609,0.5040941658137155,0.024053224155578302,0.008700102354145343,1021,868.9385525716888,1018.2294,TRUE,0.43023234574403435,0.4963970429947393
CSES MOD6,SVN,SVN,2022,0.5359334768279919,0.34633564995884136,0,0.11773087321316679,855,784.0287898648972,854.6195,TRUE,0.5009341805286663,0.570582354971341
CSES MOD6,SWE,SWE,2022,0.7430579964850615,0.20773286467486818,0,0.0492091388400703,2845,2845,2845,TRUE,0.7266814805579251,0.758778995728296
Mannheim EB,BEL,BEL,1975,0.40510499234251146,0.5914854127718809,0.003409594885607672,0,1000,953.4231596209461,1000.0015,TRUE,0.3743846578843158,0.43658697326842294
Mannheim EB,BEL,BEL,1976,0.5917773320925048,0.368425544749642,0.039797123157853165,0,2041,1920.9166300431632,2041.0018,TRUE,0.5696352432863127,0.6135530665239363
Mannheim EB,BEL,BEL,1977,0.5619601332819057,0.366205932590441,0.0718339341276533,0,1994,1940.7325678458476,1993.9991,TRUE,0.5397851139425511,0.5838903421615189
Mannheim EB,BEL,BEL,1978,0.5426667513108928,0.3756660846633915,0.08166716402571568,0,2021,1960.728520623716,2021.0081,TRUE,0.520553627605391,0.564613010428447
Mannheim EB,BEL,BEL,1979,0.5554581680100985,0.3380502664705887,0.10649156551931278,0,1982,1878.7769024951133,1982.0011,TRUE,0.5328977892912802,0.5777922150552982
Mannheim EB,BEL,BEL,1980,0.45419202861766017,0.45887605043085394,0.08693192095148593,0,983,794.4046511888448,983.0014,TRUE,0.41987138177248795,0.48895358176862536
Mannheim EB,BEL,BEL,1981,0.4746616056978712,0.29171584415073054,0.23362255015139835,0,1920,1590.0922631929657,1920.0013,TRUE,0.4502075620569493,0.49923778737450325
Mannheim EB,BEL,BEL,1982,0.4615607373365875,0.4289096037063374,0.10952965895707507,0,2026,1531.509409057366,2026.0001,TRUE,0.43672025800892034,0.4865935743343597
Mannheim EB,BEL,BEL,1983,0.43544436319620833,0.48592971947781244,0.0786259173259792,0,2033,1654.2313733200642,2033.0014,TRUE,0.4117277757256903,0.4594600894119274
Mannheim EB,BEL,BEL,1984,0.524859435992384,0.4211310381295716,0.05400952587804435,0,2053,1421.9424433781421,2052.9971,TRUE,0.49887077169249655,0.5507141388978346
Mannheim EB,BEL,BEL,1985,0.5383146784700118,0.4083456504107556,0.053339671119232594,0,2027,1297.9425089903755,2026.996,TRUE,0.5111195619076553,0.5652836597342127
Mannheim EB,BEL,BEL,1986,0.44948381772094553,0.4651876314059923,0.08532855087306222,0,2006,1280.870709358757,2005.9968,TRUE,0.42243280666834454,0.47683693993793647
Mannheim EB,BEL,BEL,1987,0.4907173586707994,0.43951704954884313,0.06976559178035745,0,2015,1400.7035949476588,2014.9976,TRUE,0.46459805374165175,0.5168874418804303
Mannheim EB,BEL,BEL,1988,0.5219324132678058,0.4022747418474064,0.07579284488478784,0,2046,1441.065710318472,2045.9992,TRUE,0.4961174750509034,0.5476307273134442
Mannheim EB,BEL,BEL,1989,0.5143561347931235,0.39159176107145943,0.09405210413541713,0,4029,3561.279262651672,4029.9949,TRUE,0.49793438789641575,0.5307469427514075
Mannheim EB,BEL,BEL,1990,0.4301285544865832,0.49864860128820965,0.07122284422520715,0,1949,1677.9285163920715,2000.1869,TRUE,0.40662513633068437,0.45395118172161614
Mannheim EB,BEL,BEL,1991,0.4706220059330089,0.4677831016746525,0.061594892392338584,0,2067,1832.0439428537018,1999.997,TRUE,0.447850956644175,0.4935160024311032
Mannheim EB,BEL,BEL,1992,0.5275759181060204,0.43156124210968944,0.040862839784290055,0,2076,1856.8200587521708,2000.0005,TRUE,0.5048343260033298,0.5502036414174692
Mannheim EB,BEL,BEL,1993,0.5203180085247141,0.4080386232637284,0.07164336821155755,0,2025,1899.0748132271988,1999.9967,TRUE,0.49783000251779436,0.5427239787038844
Mannheim EB,BEL,BEL,1994,0.5162291376611033,0.41913084510155874,0.06464001723733794,0,3133,2714.910672454108,2999.9992,TRUE,0.4974211415344286,0.5349912702084659
Mannheim EB,DEU-E,DEU,1990,0.6189228277607322,0.3634363083740702,0.01764086386519771,0,1021,854.1716719573025,416.6576,TRUE,0.5858897200040283,0.6508910244022887
Mannheim EB,DEU-E,DEU,1991,0.4477340771227513,0.5236929274204106,0.028572995456838043,0,2161,1764.673278941234,833.3183,TRUE,0.424671469263023,0.4710237509480716
Mannheim EB,DEU-E,DEU,1992,0.4108007623988515,0.5482169992671457,0.04098223833400275,0,2127,1708.2019728169946,833.3171,TRUE,0.3876952546291405,0.4343065728204451
Mannheim EB,DEU-E,DEU,1993,0.41220293756689336,0.547104763667071,0.04069229876603565,0,2186,1956.6553726818101,833.3223,TRUE,0.3905850496138199,0.4341649027613427
Mannheim EB,DEU-E,DEU,1994,0.5006225770337077,0.46750191085228093,0.03187551211401144,0,3144,2780.720843865421,1249.9658,TRUE,0.4820502063141197,0.5191932299308507
Mannheim EB,DEU-W,DEU,1975,0.6837321877299466,0.28247196678559233,0.03379584548446111,0,1002,912.3676724128406,1001.9989,TRUE,0.6528406770783268,0.7130829465170396
Mannheim EB,DEU-W,DEU,1976,0.698711652265306,0.2661478076029856,0.03514054013170846,0,2011,1867.3867135054268,2011.0021,TRUE,0.6775107345255104,0.7190966666994142
Mannheim EB,DEU-W,DEU,1977,0.607224326218365,0.3461699220982422,0.04660575168339277,0,2014,1884.730714176065,2013.9982,TRUE,0.5849791129216798,0.629033323259513
Mannheim EB,DEU-W,DEU,1978,0.568127960605743,0.35728897550016797,0.07458306389408897,0,2002,1880.0182623256421,2001.9974,TRUE,0.5456203312333352,0.5903577345190512
Mannheim EB,DEU-W,DEU,1979,0.6584020149427476,0.30900949826879764,0.03258848678845466,0,2008,1461.8971944275681,2007.9975,TRUE,0.6337042931624458,0.6822694152729828
Mannheim EB,DEU-W,DEU,1980,0.6912735249246501,0.25613745605640353,0.052589019018946456,0,1007,869.4717828772924,1007.0011,TRUE,0.6597809979441059,0.721083273677453
Mannheim EB,DEU-W,DEU,1981,0.6373274576075315,0.24409921497840092,0.11857332741406755,0,1966,1280.5769000350695,1966.0096,TRUE,0.610620434344153,0.663213008490793
Mannheim EB,DEU-W,DEU,1982,0.6580837198223454,0.3006200130354187,0.04129626714223595,0,2173,1388.9206875577995,2173.0027,TRUE,0.6327313267541095,0.6825640410036631
Mannheim EB,DEU-W,DEU,1983,0.6760279148938756,0.28574148010931805,0.038230604996806264,0,2106,1381.773485713764,2106.0012,TRUE,0.6508933352614475,0.700186424267213
Mannheim EB,DEU-W,DEU,1984,0.7089993278237636,0.25180956043312286,0.03919111174311347,0,2045,1469.4231603014325,2044.9994,TRUE,0.6852534217225669,0.7316552848005363
Mannheim EB,DEU-W,DEU,1985,0.6663984442806917,0.31072239739437746,0.022879158324930815,0,2036,1077.7013303202775,2035.9971,TRUE,0.6377006129497806,0.693914193521973
Mannheim EB,DEU-W,DEU,1986,0.6327081169062296,0.33857285403854487,0.028719029055225557,0,2072,1042.383547456148,2072.0025,TRUE,0.6030054677756338,0.6614361928235042
Mannheim EB,DEU-W,DEU,1987,0.6531244679476266,0.32281240576903747,0.024063126283335966,0,1950,1041.815059296888,1949.996,TRUE,0.6237063913713478,0.6814174276878243
Mannheim EB,DEU-W,DEU,1988,0.6013669178115106,0.36406941819258415,0.03456366399590515,0,2058,1130.7197110025893,2058.0023,TRUE,0.5725312258978431,0.6295161573533438
Mannheim EB,DEU-W,DEU,1989,0.5830783920037955,0.37850508932194826,0.03841651867425618,0,4443,2886.300963514142,4226.005,TRUE,0.5649918704504465,0.6009440566660341
Mannheim EB,DEU-W,DEU,1990,0.6034374405203309,0.3625014695119385,0.03406108996773054,0,2072,1662.6615154949272,2583.3407,TRUE,0.5797109261143438,0.6266870698034421
Mannheim EB,DEU-W,DEU,1991,0.5219926198586138,0.4392925060835656,0.03871487405782061,0,2073,1800.619508284988,3166.6873,TRUE,0.49889782839994484,0.5449937691234323
Mannheim EB,DEU-W,DEU,1992,0.564328816676955,0.4041425672853211,0.03152861603772381,0,2078,1804.7000885312832,3166.6788,TRUE,0.5413390739524342,0.5870452722732737
Mannheim EB,DEU-W,DEU,1993,0.5167248873270748,0.4209270063864833,0.062348106286441864,0,2083,1757.8456510353678,3166.688,TRUE,0.493352809481679,0.5400240233638516
Mannheim EB,DEU-W,DEU,1994,0.6081919991201716,0.36296242354975694,0.028845577330071363,0,3164,2548.4357430819123,4750.0176,TRUE,0.589089796802718,0.6269685076920402
Mannheim EB,DNK,DNK,1975,0.636790054692894,0.3292130786309445,0.033996866676161586,0,1023,971.9435174840515,1023.0031,TRUE,0.6060711119308798,0.6664319310707371
Mannheim EB,DNK,DNK,1976,0.6424145857591927,0.3251970008588527,0.03238841338195445,0,1942,1804.939536121865,1942.0093,TRUE,0.620021829329794,0.6642024045742757
Mannheim EB,DNK,DNK,1977,0.6339160593341251,0.34217914847168646,0.02390479219418843,0,2007,1900.2383518858012,2006.9867,TRUE,0.6120060600025014,0.655285690670142
Mannheim EB,DNK,DNK,1978,0.6090021425867985,0.3714605789368474,0.01953727847635412,0,1989,1874.7300435675106,1988.9976,TRUE,0.5867113409417576,0.6308471346377308
Mannheim EB,DNK,DNK,1979,0.6802467948223915,0.29440360090450773,0.025349604273100748,0,2102,1963.8833056656877,2102.0052,TRUE,0.6592849024620425,0.7005048935935084
Mannheim EB,DNK,DNK,1980,0.6543473534583241,0.31163610725033264,0.03401653929134327,0,988,793.444488940802,987.9988,TRUE,0.6205831827874033,0.6866241263149089
Mannheim EB,DNK,DNK,1981,0.6569656324939326,0.26449630325997686,0.0785380642460905,0,2015,1542.8110471528933,2015.0051,TRUE,0.6329133596099763,0.6802381579990593
Mannheim EB,DNK,DNK,1982,0.643890081078933,0.32158820935057375,0.03452170957049326,0,1998,1592.766111232727,1998.0036,TRUE,0.6200528382755602,0.6670348956401221
Mannheim EB,DNK,DNK,1983,0.6746448278459765,0.30024135717294737,0.02511381498107618,0,2027,1644.531274293634,2026.9959000000001,TRUE,0.6516166386951858,0.696858983253412
Mannheim EB,DNK,DNK,1984,0.6589759111187825,0.3095498225229625,0.031474266358254975,0,1986,1494.036224825216,1986.0034,TRUE,0.6345573218550496,0.6825790508845228
Mannheim EB,DNK,DNK,1985,0.6751558479019272,0.3057199940545323,0.019124158043540538,0,2017,1415.6809586206764,2016.9986,TRUE,0.6503145727052504,0.6990490878578624
Mannheim EB,DNK,DNK,1986,0.6477400891215337,0.3142642885238084,0.0379956223546579,0,2040,1490.2791681275555,2040.0008,TRUE,0.623136073904959,0.6715843821811365
Mannheim EB,DNK,DNK,1987,0.6850697778404993,0.2784635685520129,0.036466653607487826,0,1994,1327.004279296426,1993.9998,TRUE,0.6595743128031786,0.7094968035196458
Mannheim EB,DNK,DNK,1988,0.7213308318334193,0.25754390412249223,0.02112526404408844,0,2015,1340.0479594520184,2015.0044,TRUE,0.6967188033635716,0.7446774817346322
Mannheim EB,DNK,DNK,1989,0.6615495101756474,0.3071010885126784,0.03134940131167411,0,4014,3326.2446058580977,4014.0001,TRUE,0.6452905407544554,0.6774357513490248
Mannheim EB,DNK,DNK,1990,0.5939077870581962,0.36033899105082506,0.045753221890978704,0,2000,1865.127802291682,2000.0056,TRUE,0.5714487152118628,0.6159808106853129
Mannheim EB,DNK,DNK,1991,0.6106804167958749,0.35556669332999197,0.03375288987413303,0,2000,1724.1087889466062,2000.0006,TRUE,0.5874424206154351,0.633426280919882
Mannheim EB,DNK,DNK,1992,0.632898960130312,0.32152250354324896,0.04557853632643911,0,2000,1749.1978529627027,2000.0006,TRUE,0.6100416320067076,0.655173820307318
Mannheim EB,DNK,DNK,1993,0.6374949875150375,0.33410749767750697,0.02839751480745558,0,2000,1793.2622579224521,2000.006,TRUE,0.6149729438448553,0.6594291956611801
Mannheim EB,DNK,DNK,1994,0.6679035907855059,0.31798502091036546,0.014111388304128733,0,3006,2651.2604696352964,2999.9954,TRUE,0.6497445185767967,0.6855767920804463
Mannheim EB,ESP,ESP,1985,0.36784923729917024,0.560995428321436,0.07115533437939368,0,1003,835.7372160882134,1003.0014,TRUE,0.33582930924773613,0.4010785107039253
Mannheim EB,ESP,ESP,1986,0.34877388381950825,0.5582636355437419,0.09296248063674988,0,2018,1896.2392347887667,2017.998,TRUE,0.3276481564150884,0.3705111117846226
Mannheim EB,ESP,ESP,1987,0.3517286025414999,0.5709905517860803,0.07728084567241991,0,2014,1881.176145165087,2013.9997,TRUE,0.3304720388059148,0.37358951008439134
Mannheim EB,ESP,ESP,1988,0.363614509644451,0.5671506646669966,0.06923482568855244,0,2030,1845.219409807662,2030.0015,TRUE,0.3419699428578945,0.38582578407015056
Mannheim EB,ESP,ESP,1989,0.419479312635296,0.5268505771079498,0.053670110256754264,0,4000,3809.909532083328,4003.9996,TRUE,0.4038983266426496,0.43522251596298456
Mannheim EB,ESP,ESP,1990,0.4271520291391883,0.5564045774381691,0.01644339342264263,0,2001,1866.6595794639877,2000.0008,TRUE,0.4048836010285808,0.44971968482359403
Mannheim EB,ESP,ESP,1991,0.38835328592365004,0.5739844008945403,0.03766231318180962,0,2001,1814.2380779519513,1999.9993,TRUE,0.3661845791609113,0.410993811410284
Mannheim EB,ESP,ESP,1992,0.38406051159394883,0.5471129952887005,0.06882649311735069,0,2004,1876.7999485250218,2000.0002,TRUE,0.362313828059902,0.40628085597953867
Mannheim EB,ESP,ESP,1993,0.4310005939502673,0.5147628316432743,0.05423657440645848,0,2022,1822.6479852306104,1999.9991,TRUE,0.40843393800457173,0.453857498600827
Mannheim EB,ESP,ESP,1994,0.5089865023964006,0.45131242034997876,0.039701077253620605,0,3009,2709.712695917175,2999.9992,TRUE,0.4901638682573351,0.5277836920122753
Mannheim EB,FRA,FRA,1975,0.5981810645477728,0.3746734617602787,0.02714547369194853,0,1276,1165.946836320883,1275.9991,TRUE,0.5697614694461894,0.6259558039372362
Mannheim EB,FRA,FRA,1976,0.6206027845062901,0.3493527717502059,0.03004444374350406,0,2587,2331.8816022498727,2587.0008,TRUE,0.6007245957911245,0.6400842586993643
Mannheim EB,FRA,FRA,1977,0.6640371590320199,0.3107598942259908,0.02520294674198938,0,2266,1914.669142393977,2266.0009,TRUE,0.6425704833336195,0.6848469031467576
Mannheim EB,FRA,FRA,1978,0.6754963240869714,0.29933448592047146,0.02516918999255718,0,2143,1775.3037229892925,2143.005,TRUE,0.6533584556111098,0.6968763155418825
Mannheim EB,FRA,FRA,1979,0.6758387015644273,0.2858750141532924,0.03828628428228027,0,1996,1474.6342898172475,1996.002,TRUE,0.6515185013136399,0.6992451203182254
Mannheim EB,FRA,FRA,1980,0.5832459550612479,0.39734955994347915,0.019404484995272947,0,991,770.4024263679904,990.9977,TRUE,0.5481022021877185,0.6175636178389622
Mannheim EB,FRA,FRA,1981,0.6319930952373322,0.306612964737478,0.06139394002518981,0,1997,1623.1283394780223,1996.9984,TRUE,0.6082451433351534,0.6551177231771439
Mannheim EB,FRA,FRA,1982,0.5690986433073235,0.39188380679315893,0.03901754989951753,0,1938,1547.4134823735917,1937.9997,TRUE,0.5442837263250766,0.5935713221223655
Mannheim EB,FRA,FRA,1983,0.5661725719268383,0.4111098652546607,0.02271756281850105,0,2012,1634.7256849735222,2012.0028,TRUE,0.5420199354260267,0.5900149269339996
Mannheim EB,FRA,FRA,1984,0.5657031933497452,0.41126733988812303,0.02302946676213184,0,2014,1631.913513564746,2013.998,TRUE,0.5415277533512071,0.589570023110138
Mannheim EB,FRA,FRA,1985,0.5444046021025736,0.44052671205949906,0.0150686858379274,0,2024,1699.8119209998492,2024.0053,TRUE,0.52065508653863,0.5679538601407531
Mannheim EB,FRA,FRA,1986,0.574381176008951,0.40442276502518637,0.02119605896586267,0,1998,1724.7907606787733,1998.0035,TRUE,0.5509067395943404,0.5975250126589665
Mannheim EB,FRA,FRA,1987,0.5462075793866769,0.43151812708741427,0.02227429352590891,0,2002,1662.8123139362274,2001.9984,TRUE,0.5221984716267474,0.5700036722723274
Mannheim EB,FRA,FRA,1988,0.618349332769909,0.365867646861909,0.015783020368182042,0,1994,1700.3713576830692,1993.9973,TRUE,0.595016506411067,0.6411485981148893
Mannheim EB,FRA,FRA,1989,0.5718531976366891,0.3787696325565148,0.04937716980679619,0,4045,3486.076467870702,4045.003,TRUE,0.5553571669645625,0.5881910405011519
Mannheim EB,FRA,FRA,1990,0.5159505938963419,0.4250155212197336,0.05903388488392448,0,2024,1839.2402243459844,2000.0039,TRUE,0.4931016826771676,0.5387330123524682
Mannheim EB,FRA,FRA,1991,0.44454976127961804,0.4868096288954062,0.06864060982497572,0,2007,1824.781265327315,1999.9968,TRUE,0.4218899901074704,0.46744251393866176
Mannheim EB,FRA,FRA,1992,0.5033593248320337,0.42229162888541855,0.0743490462825477,0,2010,1783.0415247017734,2000.0001,TRUE,0.4801691781611425,0.5265350271533239
Mannheim EB,FRA,FRA,1993,0.5584229961289553,0.3857377292540655,0.05583927461697926,0,2043,1855.2919663744124,2000.0027,TRUE,0.5357291405292587,0.5808754083100741
Mannheim EB,FRA,FRA,1994,0.5441710832727723,0.404992207675498,0.05083670905172974,0,3041,2759.851328406493,3000.0034,TRUE,0.5255409536840533,0.5626784151137701
Mannheim EB,GBR-GB,GBR,1975,0.5747653869370201,0.3831903955380914,0.04204421752488858,0,1138,924.0341904688509,1403.0229,TRUE,0.5426438174111234,0.6062678677585716
Mannheim EB,GBR-GB,GBR,1976,0.641986850059509,0.3362041395453765,0.02180901039511451,0,2079,1587.9506658099206,2623.7229,TRUE,0.618089817134476,0.6651985464680825
Mannheim EB,GBR-GB,GBR,1977,0.6205171948671032,0.368932101989847,0.010550703143049745,0,2177,1713.5356228344885,2705.6301,TRUE,0.5972953137130386,0.6431999063505263
Mannheim EB,GBR-GB,GBR,1978,0.6223366868456217,0.36173040108062277,0.01593291207375544,0,2159,1514.1520043832074,2699.7764,TRUE,0.5976365608736516,0.6464176157210704
Mannheim EB,GBR-GB,GBR,1979,0.6071347489987001,0.37503030087377714,0.017834950127522814,0,2114,954.0406641954379,2652.9763,TRUE,0.5757732075162805,0.6376369597112801
Mannheim EB,GBR-GB,GBR,1980,0.6282647147101075,0.35645525761036984,0.015280027679522763,0,1157,903.399756703718,1417.6545,TRUE,0.5962696391647737,0.6591735484866121
Mannheim EB,GBR-GB,GBR,1981,0.5758513218466746,0.3790493473914415,0.04509933076188384,0,2149,1794.4175680836202,2694.9003,TRUE,0.5528461784637962,0.5985323846485356
Mannheim EB,GBR-GB,GBR,1982,0.495173959355579,0.4942934277628013,0.010532612881619705,0,2003,1535.8494996946263,2529.154,TRUE,0.4702119437236676,0.5201600573735525
Mannheim EB,GBR-GB,GBR,1983,0.5880150860510291,0.3967429652341519,0.015241948714818942,0,1997,1541.2047496826099,2559.3709,TRUE,0.5632526903913228,0.6123398006603992
Mannheim EB,GBR-GB,GBR,1984,0.5408379127251878,0.44476019976636627,0.014401887508446027,0,2124,1570.6839646720014,2690.0224,TRUE,0.5161231891592408,0.5653533598499703
Mannheim EB,GBR-GB,GBR,1985,0.46861149580216316,0.5170720471073724,0.014316457090464387,0,2177,1949.0821016638122,2756.3244,TRUE,0.44654088303724465,0.49080559734201307
Mannheim EB,GBR-GB,GBR,1986,0.39241406654798444,0.5945190612011999,0.013066872250815703,0,2055,1788.8120643570678,2630.553,TRUE,0.3700395109253313,0.4152497286633939
Mannheim EB,GBR-GB,GBR,1987,0.5204718801409627,0.4671502591649406,0.012377860694096854,0,1974,1583.163011338868,2548.6472,TRUE,0.49584279689516214,0.5450018524274282
Mannheim EB,GBR-GB,GBR,1988,0.5508648602767202,0.43559401941829984,0.013541120304979958,0,2031,1507.839194001154,2601.2988,TRUE,0.5256604885880594,0.5758107085416337
Mannheim EB,GBR-GB,GBR,1989,0.47306716570810764,0.4986126823051688,0.028320151986723587,0,3848,3191.9523398259503,4994.9626,TRUE,0.45578916597693336,0.4904099162825239
Mannheim EB,GBR-GB,GBR,1990,0.5258424855618452,0.4576838778700718,0.016473636568083046,0,2102,2013.7808789998678,2535.0019,TRUE,0.5040048286884578,0.5475817330513488
Mannheim EB,GBR-GB,GBR,1991,0.4667226719440385,0.5077011858623072,0.025576142193654342,0,2127,2003.3423820721077,2534.9992,TRUE,0.44496055385975763,0.48861217066168594
Mannheim EB,GBR-GB,GBR,1992,0.5472797425166637,0.4289823388490489,0.02373791863428743,0,2074,1903.7548597355853,2534.999,TRUE,0.5248469334909872,0.569522123574281
Mannheim EB,GBR-GB,GBR,1993,0.4885110727933635,0.48371407403789907,0.027774853168737523,0,2134,1994.5882434607108,2535.0017,TRUE,0.46661686178672884,0.5104494543400862
Mannheim EB,GBR-GB,GBR,1994,0.5055672631864825,0.47138367208759213,0.023049064725925328,0,3190,2971.5608713747747,3802.5057,TRUE,0.4875951121602344,0.5235250382091727
Mannheim EB,GBR-NI,GBR,1975,0.3889863225390437,0.5087481829627921,0.1022654944981642,0,301,285.53797772439316,35.9789,TRUE,0.33426939526422417,0.44665072901531677
Mannheim EB,GBR-NI,GBR,1976,0.46614621268651174,0.49067850273357255,0.04317528457991575,0,612,594.6349387856704,67.27459999999999,TRUE,0.42639563373240436,0.5063314041973865
Mannheim EB,GBR-NI,GBR,1977,0.48840923340804426,0.4995020071059478,0.012088759486007912,0,598,592.6791351999693,69.3785,TRUE,0.4483697522224125,0.5285980039186304
Mannheim EB,GBR-NI,GBR,1978,0.4154735865793298,0.5551022413050827,0.029424172115587427,0,610,589.8818310384522,69.2186,TRUE,0.3763763543377684,0.45566465023404246
Mannheim EB,GBR-NI,GBR,1979,0.49556901545111065,0.48463856750121287,0.019792417047676453,0,607,601.268229177584,68.021,TRUE,0.45575965062882734,0.535434641366578
Mannheim EB,GBR-NI,GBR,1980,0.41798061264909114,0.5408295189472294,0.041189868403679414,0,297,286.96013757818275,36.3536,TRUE,0.3623640386961644,0.47576420032807953
Mannheim EB,GBR-NI,GBR,1981,0.4913293291844562,0.45449743107316015,0.05417323974238368,0,615,602.334929730071,69.095,TRUE,0.4515862447886855,0.5311823130810202
Mannheim EB,GBR-NI,GBR,1982,0.4909924982459927,0.4745395249146126,0.034467976839394614,0,591,576.3571841742319,64.8515,TRUE,0.4503733836962321,0.5317308933584919
Mannheim EB,GBR-NI,GBR,1983,0.46667845093730664,0.48751984786100244,0.04580170120169084,0,628,616.8993312133143,65.6242,TRUE,0.42763732126722215,0.50613201696028
Mannheim EB,GBR-NI,GBR,1984,0.4038773805933795,0.5609747964462177,0.0351478229604027,0,635,620.3272619389286,68.9744,TRUE,0.36597004197043376,0.4429679395825747
Mannheim EB,GBR-NI,GBR,1985,0.4831349388828126,0.48913275708624043,0.02773230403094699,0,650,634.6253140584388,70.6757,TRUE,0.4444739686993582,0.5219988602838201
Mannheim EB,GBR-NI,GBR,1986,0.40534093217235573,0.5433817304655821,0.05127733736206225,0,643,611.0428548122562,67.4489,TRUE,0.36712140642540947,0.4447432566455366
Mannheim EB,GBR-NI,GBR,1987,0.38798871953225533,0.5610012868791879,0.05100999358855672,0,640,617.9378144467723,65.3519,TRUE,0.35037201437925203,0.4269895249788579
Mannheim EB,GBR-NI,GBR,1988,0.34298556513082534,0.6077757587751651,0.04923867609400955,0,637,611.3363745904038,66.6996,TRUE,0.30644032440976576,0.3814918209659095
Mannheim EB,GBR-NI,GBR,1989,0.3148212741021849,0.6292224361538198,0.055956289743995184,0,1174,1133.2227621271122,129.0132,TRUE,0.28844377462317716,0.3424500353691854
Mannheim EB,GBR-NI,GBR,1990,0.32112890218602447,0.6578711655308697,0.020999932283105868,0,632,624.807008129674,64.9764,TRUE,0.28570622279251534,0.3587377033667323
Mannheim EB,GBR-NI,GBR,1991,0.2627665108204855,0.7008584364698531,0.036375052709661335,0,602,585.4460660439843,64.9786,TRUE,0.22874248143818865,0.29988361757244864
Mannheim EB,GBR-NI,GBR,1992,0.3131458787644681,0.6362780146908324,0.05057610654469962,0,607,573.9106281270543,64.9793,TRUE,0.2765505788855779,0.3522260458829549
Mannheim EB,GBR-NI,GBR,1993,0.23572004579927114,0.7236284841918644,0.04065147000886437,0,606,595.1682525903698,64.9792,TRUE,0.20338173739175047,0.27144814109482746
Mannheim EB,GBR-NI,GBR,1994,0.2981217405935698,0.6567372437489677,0.04514101565746261,0,917,910.5275864068326,97.4679,TRUE,0.26930789225365953,0.32863191801557284
Mannheim EB,GRC,GRC,1981,0.5906940983829999,0.33590432549180727,0.07340157612519281,0,2000,1825.004469392011,2000.0061,TRUE,0.5679669934088555,0.6130401866557617
Mannheim EB,GRC,GRC,1982,0.6045645552866259,0.32527771589944005,0.07015772881393409,0,1999,1885.7040714163013,1998.9943,TRUE,0.5823046014958865,0.6263993325900586
Mannheim EB,GRC,GRC,1983,0.6405785421735627,0.333547050064115,0.025874407762322332,0,2000,1879.20296619718,1999.9994,TRUE,0.6186171031032236,0.6619663925595888
Mannheim EB,GRC,GRC,1984,0.6528982223185779,0.31972980578384463,0.02737197189757752,0,2000,1824.003413081523,1999.9984,TRUE,0.6307503482893514,0.6744034009259766
Mannheim EB,GRC,GRC,1985,0.691042660514243,0.27133299463202937,0.03762434485372769,0,2000,1995.0934584442814,1999.9923,TRUE,0.6704159626616739,0.7109350578886338
Mannheim EB,GRC,GRC,1986,0.6765452753174201,0.28742477155527907,0.03602995312730079,0,2000,1995.094282743882,1999.9915,TRUE,0.6556957225460087,0.6967162507162263
Mannheim EB,GRC,GRC,1987,0.6868064189272804,0.28883352754249203,0.024360053530227504,0,2000,1994.4352103566762,1999.9915,TRUE,0.6661087617408141,0.7067858217305385
Mannheim EB,GRC,GRC,1988,0.627420047985084,0.34298340022095036,0.02959655179396564,0,2000,1995.0677005512262,1999.9965,TRUE,0.6059780172855515,0.6483723147356425
Mannheim EB,GRC,GRC,1989,0.713554475895767,0.24637419819160725,0.040071325912625765,0,4015,3201.093267920101,4000.0049,TRUE,0.6976440013113955,0.7289529956926558
Mannheim EB,GRC,GRC,1990,0.7292780008356985,0.22944487552698029,0.04127712363732127,0,2011,1851.8525977833708,2000.0037,TRUE,0.7085810423539313,0.7490256710467339
Mannheim EB,GRC,GRC,1991,0.635952481571489,0.308258384955031,0.055789133473480086,0,2001,1902.7083691723585,1999.9988,TRUE,0.6140783193753377,0.6572787692700924
Mannheim EB,GRC,GRC,1992,0.5976761441903605,0.3572349430873577,0.0450889127222818,0,2006,1924.4483092420999,1999.9950000000001,TRUE,0.5755934577574385,0.6193696436304726
Mannheim EB,GRC,GRC,1993,0.6531922011710314,0.31355936059326467,0.03324843823570397,0,2005,1928.968319641253,1999.9977,TRUE,0.6316664624030172,0.6741089787017939
Mannheim EB,GRC,GRC,1994,0.6982257783063719,0.2884462172642822,0.013328004429345883,0,3014,2886.6917443416887,2999.9915,TRUE,0.6812260134193145,0.7146986479396987
Mannheim EB,IRL,IRL,1975,0.3406135253251222,0.6243504132145454,0.0350360614603324,0,1000,946.524413580177,1000.0011000000001,TRUE,0.31112005109134233,0.37139555380508016
Mannheim EB,IRL,IRL,1976,0.5780451117527055,0.38263434461617,0.03932054363112448,0,1987,1882.307457592606,1986.9944,TRUE,0.555597030587039,0.6001752773219324
Mannheim EB,IRL,IRL,1977,0.5621473683034516,0.42150686016468064,0.0163457715318677,0,2005,1839.9163305991751,2004.9956,TRUE,0.5393714215029488,0.5846643382327368
Mannheim EB,IRL,IRL,1978,0.5685426739318701,0.3863645149248923,0.04509281114323768,0,2010,1880.5643374643148,2010.0011,TRUE,0.5460400588581914,0.5907658231739658
Mannheim EB,IRL,IRL,1979,0.5697211549209833,0.3866767222444361,0.04360212283458057,0,2003,1858.5446274820385,2003.0011,TRUE,0.5470900942024438,0.5920645837994757
Mannheim EB,IRL,IRL,1980,0.5547635674064471,0.4155857349183954,0.029650697675157617,0,1007,837.5601520821233,1007.0016,TRUE,0.5209308243865985,0.5880962408221427
Mannheim EB,IRL,IRL,1981,0.5308213660767938,0.36778026164228994,0.10139837228091626,0,1990,1411.3771648578595,1989.9994000000002,TRUE,0.5047367142943511,0.5567386891566206
Mannheim EB,IRL,IRL,1982,0.49773188909510285,0.4725852072365077,0.029682903668389424,0,1990,1704.924411691403,1990.0041,TRUE,0.4740297851793056,0.5214441912180189
Mannheim EB,IRL,IRL,1983,0.500782728716438,0.47144401419545157,0.027773257088110414,0,1989,1638.0983249380251,1989.0033,TRUE,0.4765958516420848,0.5249659431346959
Mannheim EB,IRL,IRL,1984,0.433698575588075,0.5363006863643367,0.03000073804758823,0,2008,1625.5625105421213,2008.0006,TRUE,0.40979084622811585,0.45791893893535857
Mannheim EB,IRL,IRL,1985,0.4251494224243354,0.5334459626619695,0.041404614913695084,0,2017,1671.252650556993,2016.9998,TRUE,0.40164574629227806,0.4489964177203372
Mannheim EB,IRL,IRL,1986,0.3941651851274082,0.564269817629432,0.041564997243159776,0,2009,1602.6682500563022,2009.0029,TRUE,0.370520627035479,0.41831590261176227
Mannheim EB,IRL,IRL,1987,0.39830763515724477,0.5512019385782232,0.05049042626453213,0,2002,1695.8945003346703,2002.0033,TRUE,0.3752628267182364,0.4218121165874934
Mannheim EB,IRL,IRL,1988,0.42319998686623533,0.5504658669075588,0.02633414622620584,0,2004,1613.954921795336,2003.9951,TRUE,0.3993059283461676,0.44745878214581514
Mannheim EB,IRL,IRL,1989,0.373974735265089,0.5737458383739613,0.05227942636094968,0,3967,3569.406044956005,4021.9856,TRUE,0.3582445917850229,0.38997585837215587
Mannheim EB,IRL,IRL,1990,0.3861959158587748,0.5795003738501121,0.034303710291113086,0,2034,1804.7444669310526,1999.9994,TRUE,0.3639972557635422,0.4088780362411683
Mannheim EB,IRL,IRL,1991,0.3260762836961858,0.6415251679237416,0.03239854838007258,0,2020,1847.7645317004697,2000.0001,TRUE,0.30508167894834526,0.3477925811810655
Mannheim EB,IRL,IRL,1992,0.3372896866962337,0.6238275302534008,0.0388827830503656,0,2009,1775.2264528334654,1999.9983,TRUE,0.31566857073383603,0.359613494091477
Mannheim EB,IRL,IRL,1993,0.3373984,0.6316558999999999,0.0309457,0,2008,1844.3780558700412,2000,TRUE,0.3161772853026508,0.3592954628235106
Mannheim EB,IRL,IRL,1994,0.363554388031809,0.6083158311437818,0.028129780824409128,0,3070,2786.548895198037,3000.0056,TRUE,0.3458932736488884,0.38159119855033435
Mannheim EB,ITA,ITA,1975,0.6421404941396736,0.318980873747599,0.03887863211272742,0,1110,958.2232922453476,1109.9979,TRUE,0.6112757911550895,0.6718700410101777
Mannheim EB,ITA,ITA,1976,0.7228381631816791,0.21186482085391498,0.06529701596440587,0,1975,1424.6139995161643,1974.9999,TRUE,0.6990192806398149,0.7454584714199827
Mannheim EB,ITA,ITA,1977,0.7041015881683406,0.27757494156312434,0.018323470268535084,0,2180,1698.4269759355939,2180.0019,TRUE,0.6819525085281961,0.7253294539974664
Mannheim EB,ITA,ITA,1978,0.7243635763677972,0.24964786870430103,0.02598855492790163,0,2205,1680.5937258788751,2205.0014,TRUE,0.7025066775514749,0.7451970875814821
Mannheim EB,ITA,ITA,1979,0.7804938432393478,0.1975443655975408,0.021961791163111383,0,2348,1914.6427708014178,2347.9961,TRUE,0.7614017857602582,0.7984625711103488
Mannheim EB,ITA,ITA,1980,0.6987827309024989,0.2739602334448419,0.027257035652659262,0,1116,757.1538754935932,1115.9981,TRUE,0.6651669275585499,0.7303915742483225
Mannheim EB,ITA,ITA,1981,0.7015594630075217,0.1462705790621651,0.1521699579303133,0,2253,2011.8782843895688,2252.9999,TRUE,0.6811959280074759,0.721154725750012
Mannheim EB,ITA,ITA,1982,0.650598745482044,0.28803936725880636,0.06136188725914962,0,2109,1853.9073400861937,2109.0013,TRUE,0.6286039846345199,0.6719706663664706
Mannheim EB,ITA,ITA,1983,0.687054493615212,0.27702423004345544,0.03592127634133262,0,2064,1620.3184617626694,2063.9996,TRUE,0.664056415460868,0.7091676977234692
Mannheim EB,ITA,ITA,1984,0.6946982226991806,0.2658629953474296,0.039438781953389734,0,2157,1814.0091491052108,2157.0012,TRUE,0.6731118565486058,0.7154616910483937
Mannheim EB,ITA,ITA,1985,0.6606993708095097,0.30332109506173827,0.03597953412875199,0,2174,1451.7541496363115,2173.9998,TRUE,0.6359478386266488,0.6846026692666867
Mannheim EB,ITA,ITA,1986,0.6375396943217904,0.30947989177089924,0.052980413907310356,0,2200,1562.1742751261572,2199.9998,TRUE,0.6133908674676507,0.6610137227934882
Mannheim EB,ITA,ITA,1987,0.636325581011656,0.3048347406226912,0.05883967836565274,0,2085,1282.6598424671315,2085.0012,TRUE,0.6096279880465183,0.662209014995347
Mannheim EB,ITA,ITA,1988,0.6801421644679739,0.2689066212345788,0.050951214297447256,0,2079,1468.1062474254743,2079.0005,TRUE,0.6558393443965391,0.7035046874490865
Mannheim EB,ITA,ITA,1989,0.6310248533942918,0.3056391300716907,0.0633360165340175,0,4121,3247.095761401491,4032.9944,TRUE,0.6142820817559642,0.6474579635283555
Mannheim EB,ITA,ITA,1990,0.5627238064514258,0.3754108878697991,0.061865305678775115,0,2085,1843.3978917964034,1999.9982,TRUE,0.5399715584875818,0.5852151680754812
Mannheim EB,ITA,ITA,1991,0.4900969334176066,0.42989893458590556,0.0800041319964878,0,2083,1852.395703801793,2000.0017,TRUE,0.46737565628399563,0.5128592005911279
Mannheim EB,ITA,ITA,1992,0.5258553797530855,0.37790678866311983,0.09623783158379473,0,2098,1850.8270202281158,2000.0035,TRUE,0.5030763648033273,0.5485272855127964
Mannheim EB,ITA,ITA,1993,0.50415549958445,0.395483110451689,0.10036138996386101,0,2051,1726.582145155782,2000.0002,TRUE,0.4805884663050438,0.5277040821609597
Mannheim EB,ITA,ITA,1994,0.6218722955205629,0.3180100651343398,0.06011763934509727,0,3180,2681.0334406880693,2999.9997,TRUE,0.6033543617874881,0.6400414721581478
Mannheim EB,LUX,LUX,1975,0.6400287678801769,0.353648628491986,0.0063226036278371,0,297,293.048704195758,296.9979,TRUE,0.583586933141578,0.6928468095404152
Mannheim EB,LUX,LUX,1976,0.5448892656534841,0.3604792146235969,0.09463151972291894,0,570,528.0405881276179,569.9993,TRUE,0.5022423079557224,0.5868877842540784
Mannheim EB,LUX,LUX,1977,0.588766663575068,0.37737786243579596,0.03385547398913599,0,648,621.4215290499774,647.9927,TRUE,0.5496482461906932,0.6267943209291557
Mannheim EB,LUX,LUX,1978,0.5311916802610114,0.41409135399673735,0.054716965742251225,0,613,530.7783834557973,613,TRUE,0.4886653564174348,0.5732697381863701
Mannheim EB,LUX,LUX,1979,0.6214470949673213,0.3139643306495145,0.06458857438316425,0,598,566.772022269113,598.0036,TRUE,0.5808240623380503,0.6604348663906956
Mannheim EB,LUX,LUX,1980,0.5250588416862806,0.46047248682416225,0.014468671489557166,0,300,224.31237642495992,299.9999,TRUE,0.4598368858536262,0.5894369284114975
Mannheim EB,LUX,LUX,1981,0.5825803021774623,0.34142295732213035,0.07599674050040743,0,800,684.5132270223245,800.0001,TRUE,0.5452770068136198,0.6189618621908975
Mannheim EB,LUX,LUX,1982,0.5162510315127457,0.4685900090968448,0.015158959390409564,0,599,502.5674668095314,598.9989,TRUE,0.4726018709228812,0.5596536326835513
Mannheim EB,LUX,LUX,1983,0.545390939130072,0.39879443588851243,0.05581462498141553,0,604,503.1620600438172,603.9994,TRUE,0.5017021894683182,0.588391828543452
Mannheim EB,LUX,LUX,1984,0.5794933829804568,0.3783851373821203,0.042121479637422854,0,599,490.50921044440264,599.0008,TRUE,0.535355241875769,0.6223960379744484
Mannheim EB,LUX,LUX,1985,0.5550084581416787,0.41877633626390065,0.026215205594420612,0,596,568.9506861744495,595.9938,TRUE,0.5139389088891458,0.5953401465748612
Mannheim EB,LUX,LUX,1986,0.4623800501599331,0.48288052282596955,0.05473942701409731,0,600,548.0024656299302,600.0008,TRUE,0.42104189979298434,0.5042419745721481
Mannheim EB,LUX,LUX,1987,0.5056575647836413,0.4462270733906169,0.04811536182574164,0,589,547.815512947775,588.999,TRUE,0.4638962883848167,0.5473400454944823
Mannheim EB,LUX,LUX,1988,0.5159530053176684,0.44092214697404897,0.043124847708282565,0,600,504.67969489517014,599.9998,TRUE,0.4723962706922466,0.5592687074992433
Mannheim EB,LUX,LUX,1989,0.5255136479571814,0.4142801578105395,0.060206194232279096,0,1207,1008.0589060787188,1204.0007,TRUE,0.49464921870527206,0.5561843561280091
Mannheim EB,LUX,LUX,1990,0.4798788534544799,0.4305702360964306,0.08955091044908955,0,601,510.3955711075577,600.0006,TRUE,0.436847935881341,0.5232104003905361
Mannheim EB,LUX,LUX,1991,0.4584506042956647,0.45246739771413746,0.0890819979901978,0,939,782.7345086542978,999.9989,TRUE,0.4238311549933394,0.49347590411081804
Mannheim EB,LUX,LUX,1992,0.45761135934409697,0.4571768599523961,0.08521178070350702,0,996,835.4803303478153,1000.0014,TRUE,0.4240997260548672,0.49151102062605717
Mannheim EB,LUX,LUX,1993,0.4732236687434319,0.4440461891676676,0.08273014208890055,0,1015,873.1615358103035,1000.0007,TRUE,0.44029604779377535,0.5063858702777068
Mannheim EB,LUX,LUX,1994,0.5347408356493891,0.4010178267345218,0.06424133761608918,0,1627,1230.2765449504175,1499.9999,TRUE,0.5068035315900034,0.5624618550770696
Mannheim EB,NLD,NLD,1975,0.6634568024690978,0.21525430687042615,0.12128889066047609,0,1006,806.3246677323501,1006.0031,TRUE,0.6301341374880705,0.6952293272446513
Mannheim EB,NLD,NLD,1976,0.6873289879697274,0.23998365680956898,0.07268735522070358,0,2028,1447.4802083417974,2028.0006,TRUE,0.6629773234034535,0.7106889454782719
Mannheim EB,NLD,NLD,1977,0.7639005616752454,0.20574723901458813,0.030352199310166337,0,1993,1395.7229637777987,1993.0022,TRUE,0.7409146366430973,0.7854377498302679
Mannheim EB,NLD,NLD,1978,0.8106990871561494,0.1761962620540947,0.013104650789755933,0,2076,1729.9358443489534,2075.9958,TRUE,0.7915576141245735,0.8284637034093545
Mannheim EB,NLD,NLD,1979,0.8045760131343841,0.16927725190133724,0.026146734964278696,0,2115,1723.0882086821207,2114.9983,TRUE,0.7851840714255179,0.8226128804144291
Mannheim EB,NLD,NLD,1980,0.7320773738714357,0.22229106333008153,0.045631562798482773,0,981,670.1972235497207,981.003,TRUE,0.6972938730825611,0.764215482708644
Mannheim EB,NLD,NLD,1981,0.7767086237584828,0.20260279163994221,0.020688584601575088,0,2102,1594.3567025208238,2102.0046,TRUE,0.7556150155876569,0.7964719791723713
Mannheim EB,NLD,NLD,1982,0.7856992870723208,0.18077482024696567,0.03352589268071345,0,2084,1689.4368168922372,2083.9982,TRUE,0.7654955372655519,0.8046066849380649
Mannheim EB,NLD,NLD,1983,0.766157633712093,0.2004612790716411,0.03338108721626601,0,2048,1466.9323406276649,2048.001,TRUE,0.7438189197904297,0.7871059624257726
Mannheim EB,NLD,NLD,1984,0.7258693713940665,0.23306547347633555,0.041065155129597915,0,2033,1437.9005232402978,2033.0034,TRUE,0.7022335711736764,0.7483014892593939
Mannheim EB,NLD,NLD,1985,0.7199577184752055,0.23742982649738015,0.042612455027414266,0,2053,1707.9180025449598,2053.0007,TRUE,0.6981867619463576,0.7407413990220312
Mannheim EB,NLD,NLD,1986,0.7705791082205136,0.2056539091172669,0.023766982662219573,0,2027,1600.9929272900474,2027.0011,TRUE,0.7493497070534367,0.7905131026843273
Mannheim EB,NLD,NLD,1987,0.73242761821824,0.22049722389580134,0.047075157885958674,0,1969,1676.2820167306159,1969.0003,TRUE,0.7107210823882008,0.7530712632832716
Mannheim EB,NLD,NLD,1988,0.7737258355991021,0.17802591943833676,0.04824824496256116,0,2029,1618.7810749729506,2029.0023,TRUE,0.7527083825460947,0.7934471830494252
Mannheim EB,NLD,NLD,1989,0.7981983565850591,0.17479126324848632,0.02701038016645461,0,4031,2907.919437512949,3994.0978,TRUE,0.7832216903273875,0.8123881733781636
Mannheim EB,NLD,NLD,1990,0.7782467665863243,0.19650256206941677,0.02525067134425898,0,2115,1565.7036660800532,2000.6874,TRUE,0.7570020410253248,0.7981294253097263
Mannheim EB,NLD,NLD,1991,0.7188951108286669,0.2490385132211151,0.03206637595021804,0,2044,1586.4312337733443,2000.0015,TRUE,0.6962653477410055,0.7404673101575812
Mannheim EB,NLD,NLD,1992,0.7377738360035476,0.2312215919005673,0.031004572095885113,0,2005,1571.1536590427327,2000.0018,TRUE,0.7154633230232219,0.7589244318817148
Mannheim EB,NLD,NLD,1993,0.7154548349543572,0.23336019831587113,0.05118496672977163,0,2004,1631.302064175191,2000.0013,TRUE,0.6930729880565711,0.7368243043930922
Mannheim EB,NLD,NLD,1994,0.7514856567981547,0.20366295621494526,0.04485138698690012,0,3067,2440.3599997083797,3000.0031,TRUE,0.7339532185973533,0.7682275650367213
Mannheim EB,PRT,PRT,1985,0.5768107347838979,0.32382321426517857,0.09936605095092359,0,1000,986.516789586369,1000.0015,TRUE,0.5457401835900552,0.6072853883272565
Mannheim EB,PRT,PRT,1986,0.6370369407414148,0.2990327567707026,0.06393030248788259,0,2000,1979.0213278280435,2000.0140000000001,TRUE,0.6156045377642066,0.657938352792156
Mannheim EB,PRT,PRT,1987,0.6291157993063291,0.3121471213986139,0.05873707929505705,0,2000,1970.5414433907558,1999.9973,TRUE,0.6075559711820387,0.6501731805966319
Mannheim EB,PRT,PRT,1988,0.5434050098082466,0.36418517253518956,0.09240981765656382,0,2000,1971.411623928737,2000.0007,TRUE,0.5213533638886828,0.5652878219968646
Mannheim EB,PRT,PRT,1989,0.5640630225762698,0.35279542257624985,0.0831415548474803,0,4000,3678.1279890754536,4000.0142,TRUE,0.5479786566426479,0.5800137076080945
Mannheim EB,PRT,PRT,1990,0.5509856867607349,0.3990357007232245,0.04997861251604062,0,2000,1806.5600904638882,2000.0015,TRUE,0.527964933184166,0.573790061159918
Mannheim EB,PRT,PRT,1991,0.6329153189812556,0.317988707117504,0.04909597390124045,0,2000,1804.9818896391573,2000.0031,TRUE,0.6104178959240402,0.6548481678914378
Mannheim EB,PRT,PRT,1992,0.638556096989268,0.2998286098800269,0.0616152931307052,0,2000,1857.6981296934398,1999.9986,TRUE,0.6164440116258921,0.6600963147811881
Mannheim EB,PRT,PRT,1993,0.6181458226822784,0.3437207796509746,0.03813339766674709,0,2000,1739.9042583444793,1999.9975,TRUE,0.5950801748378536,0.6406909027039962
Mannheim EB,PRT,PRT,1994,0.6354644008121887,0.33965203780835995,0.0248835613794514,0,2999,2646.0440723632673,2999.9926,TRUE,0.6169413675134504,0.6535946624169723
