<?xml version="1.0" encoding="utf-8" ?>
<!DOCTYPE article PUBLIC "-//NLM//DTD JATS (Z39.96) Journal Archiving
and Interchange DTD v1.2 20190208//EN" "JATS-archivearticle1.dtd">

<article xmlns:mml="http://www.w3.org/1998/Math/MathML" xmlns:xlink="http://www.w3.org/1999/xlink" dtd-version="1.2" article-type="other">

<front>


<article-meta>


<title-group>
<article-title>How does partisan type influence affective
polarization?</article-title>
<subtitle><p>A comparative study of 25 European
democracies</p></subtitle>
</title-group>

<contrib-group>
<contrib contrib-type="author">
<contrib-id contrib-id-type="orcid">0009-0002-3078-8436</contrib-id>
<name>
<surname>Muno</surname>
<given-names>Tristan</given-names>
</name>
<string-name>Tristan Muno</string-name>

<email>tristan.muno@uni-mannheim.de</email>
<xref ref-type="aff" rid="aff-1">a</xref>
</contrib>
<contrib contrib-type="author">
<contrib-id contrib-id-type="orcid">0000-0002-1797-6662</contrib-id>
<name>
<surname>König</surname>
<given-names>Thomas</given-names>
</name>
<string-name>Thomas König</string-name>

<email>koenig@uni-mannheim.de</email>
<xref ref-type="aff" rid="aff-2">b</xref>
</contrib>
</contrib-group>
<aff id="aff-1">
<institution-wrap>
<institution>University of Mannheim</institution>
</institution-wrap>
<addr-line>A 5, 6 – Raum A 351</addr-line>
<city>Mannheim</city>
<state>BW</state>

<postal-code>68159</postal-code>


</aff>
<aff id="aff-2">
<institution-wrap>
<institution>University of Mannheim</institution>
</institution-wrap>
<addr-line>A 5, 6 – Raum A 353</addr-line>
<city>Mannheim</city>
<state>BW</state>

<postal-code>68159</postal-code>


</aff>









<history></history>


<abstract>
<p>Space for an abstract.</p>
</abstract>




</article-meta>

</front>

<body>
<sec id="roadmap">
  <title>1 Roadmap</title>
  <p>Explore variation across three main dimensions:</p>
  <list list-type="order">
    <list-item>
      <p>Operationalization: Ingroup via explicit attachement (identity)
      vs vote intention/choice</p>
    </list-item>
    <list-item>
      <p>Measurement: Behavior vs Attitude</p>
    </list-item>
    <list-item>
      <p>External validity: Cross-national variability</p>
    </list-item>
  </list>
</sec>
<sec id="exploratory-figures">
  <title>2 Exploratory figures</title>
  <fig id="fig-impl-expl-distribution">
    <caption><p>Figure 1: Distribution of partisan types, by country.
    Stacked horizontal bars show the within-country share (%) of three
    partisan types: explicit partisans (respondents who reported a
    subjective attachement to a party, <inline-formula><alternatives>
    <tex-math><![CDATA[T_i=1]]></tex-math>
    <mml:math display="inline" xmlns:mml="http://www.w3.org/1998/Math/MathML"><mml:mrow><mml:msub><mml:mi>T</mml:mi><mml:mi>i</mml:mi></mml:msub><mml:mo>=</mml:mo><mml:mn>1</mml:mn></mml:mrow></mml:math></alternatives></inline-formula>),
    implicit partisans (respondents who reported no attachement but did
    report a vote preference or intention,
    <inline-formula><alternatives>
    <tex-math><![CDATA[T_i=0]]></tex-math>
    <mml:math display="inline" xmlns:mml="http://www.w3.org/1998/Math/MathML"><mml:mrow><mml:msub><mml:mi>T</mml:mi><mml:mi>i</mml:mi></mml:msub><mml:mo>=</mml:mo><mml:mn>0</mml:mn></mml:mrow></mml:math></alternatives></inline-formula>),
    and respondents who reported neither (none,
    <inline-formula><alternatives>
    <tex-math><![CDATA[T_i = \emptyset]]></tex-math>
    <mml:math display="inline" xmlns:mml="http://www.w3.org/1998/Math/MathML"><mml:mrow><mml:msub><mml:mi>T</mml:mi><mml:mi>i</mml:mi></mml:msub><mml:mo>=</mml:mo><mml:mi>∅</mml:mi></mml:mrow></mml:math></alternatives></inline-formula>).
    Percentages sum to 100% within each country, with country samples
    containing about <inline-formula><alternatives>
    <tex-math><![CDATA[1,100]]></tex-math>
    <mml:math display="inline" xmlns:mml="http://www.w3.org/1998/Math/MathML"><mml:mrow><mml:mn>1</mml:mn><mml:mo>,</mml:mo><mml:mn>100</mml:mn></mml:mrow></mml:math></alternatives></inline-formula>
    respondents each (detailed numbers are reported in appendix section
    X).</p></caption>
    <graphic mimetype="image" mime-subtype="png" xlink:href="index_files/figure-jats/code-01_prep-01_wrangling-fig-impl-expl-distribution-output-1.png" />
  </fig>
  <fig id="fig-exploratory-country-anal-dict">
    <caption><p>Figure 2: Exploratory token allocation behavior by
    country and pid type in the dictator game: ingroup favoritism,
    outgroup derogation and affective polarization. The figure shows
    mean differences in token allocation with 95% confidence intervals.
    IF = mean(token2co) - mean(token2control), OD = mean(token2control)
    - mean(token2out), AP = mean(token2co) -
    mean(token2out)</p></caption>
    <graphic mimetype="image" mime-subtype="png" xlink:href="index_files/figure-jats/code-01_prep-01_wrangling-fig-exploratory-country-anal-dict-output-2.png" />
  </fig>
  <fig id="fig-exploratory-country-anal-trust">
    <caption><p>Figure 3: Exploratory token allocation behavior by
    country and pid type in the trust game: ingroup favoritism, outgroup
    derogation and affective polarization. The figure shows mean
    differences in token allocation with 95% confidence intervals. IF =
    mean(token2co) - mean(token2control), OD = mean(token2control) -
    mean(token2out), AP = mean(token2co) - mean(token2out)</p></caption>
    <graphic mimetype="image" mime-subtype="png" xlink:href="index_files/figure-jats/code-01_prep-01_wrangling-fig-exploratory-country-anal-trust-output-2.png" />
  </fig>
</sec>
<sec id="data">
  <title>3 Data</title>
  <p>We use data from Hahm, Hilpert, and König
  (<xref alt="2024" rid="ref-hahm2024divided" ref-type="bibr">2024</xref>).</p>
</sec>
<sec id="references">
  <title>4 References</title>
</sec>
<sec id="appendix">
  <title>5 Appendix</title>
  <sec id="sample-descriptives">
    <title>5.1 Sample descriptives</title>
    <fig id="tbl-nresp-country">
      <caption><p>Table 1: Sample composition by country. Numbers denote
      respondents.</p></caption>
      <table-wrap>
        <table>
          <thead>
            <tr>
              <th align="left">Country</th>
              <th align="right">N</th>
              <th align="right">Percent</th>
            </tr>
          </thead>
          <tbody>
            <tr>
              <td align="left">Austria</td>
              <td align="right">1277</td>
              <td align="right">0.04</td>
            </tr>
            <tr>
              <td align="left">Belgium</td>
              <td align="right">1305</td>
              <td align="right">0.04</td>
            </tr>
            <tr>
              <td align="left">Bulgaria</td>
              <td align="right">982</td>
              <td align="right">0.03</td>
            </tr>
            <tr>
              <td align="left">Croatia</td>
              <td align="right">1240</td>
              <td align="right">0.04</td>
            </tr>
            <tr>
              <td align="left">Czech Republic</td>
              <td align="right">1135</td>
              <td align="right">0.04</td>
            </tr>
            <tr>
              <td align="left">Denmark</td>
              <td align="right">1200</td>
              <td align="right">0.04</td>
            </tr>
            <tr>
              <td align="left">Estonia</td>
              <td align="right">944</td>
              <td align="right">0.03</td>
            </tr>
            <tr>
              <td align="left">Finland</td>
              <td align="right">1160</td>
              <td align="right">0.04</td>
            </tr>
            <tr>
              <td align="left">France</td>
              <td align="right">1156</td>
              <td align="right">0.04</td>
            </tr>
            <tr>
              <td align="left">Germany</td>
              <td align="right">1188</td>
              <td align="right">0.04</td>
            </tr>
            <tr>
              <td align="left">Greece</td>
              <td align="right">1161</td>
              <td align="right">0.04</td>
            </tr>
            <tr>
              <td align="left">Hungary</td>
              <td align="right">986</td>
              <td align="right">0.03</td>
            </tr>
            <tr>
              <td align="left">Ireland</td>
              <td align="right">1061</td>
              <td align="right">0.04</td>
            </tr>
            <tr>
              <td align="left">Italy</td>
              <td align="right">1172</td>
              <td align="right">0.04</td>
            </tr>
            <tr>
              <td align="left">Latvia</td>
              <td align="right">1148</td>
              <td align="right">0.04</td>
            </tr>
            <tr>
              <td align="left">Lithuania</td>
              <td align="right">1265</td>
              <td align="right">0.04</td>
            </tr>
            <tr>
              <td align="left">Netherlands</td>
              <td align="right">1221</td>
              <td align="right">0.04</td>
            </tr>
            <tr>
              <td align="left">Poland</td>
              <td align="right">1198</td>
              <td align="right">0.04</td>
            </tr>
            <tr>
              <td align="left">Portugal</td>
              <td align="right">1187</td>
              <td align="right">0.04</td>
            </tr>
            <tr>
              <td align="left">Romania</td>
              <td align="right">1480</td>
              <td align="right">0.05</td>
            </tr>
            <tr>
              <td align="left">Slovakia</td>
              <td align="right">1297</td>
              <td align="right">0.04</td>
            </tr>
            <tr>
              <td align="left">Slovenia</td>
              <td align="right">1135</td>
              <td align="right">0.04</td>
            </tr>
            <tr>
              <td align="left">Spain</td>
              <td align="right">1396</td>
              <td align="right">0.05</td>
            </tr>
            <tr>
              <td align="left">Sweden</td>
              <td align="right">1254</td>
              <td align="right">0.04</td>
            </tr>
            <tr>
              <td align="left">United Kingdom</td>
              <td align="right">1279</td>
              <td align="right">0.04</td>
            </tr>
            <tr>
              <td align="left">Total</td>
              <td align="right">29827</td>
              <td align="right">0.99</td>
            </tr>
          </tbody>
        </table>
      </table-wrap>
    </fig>
    <fig id="tbl-nresp-country-gender">
      <caption><p>Table 2: Sample composition by country and gender.
      Numbers denote respondents.</p></caption>
      <table-wrap>
        <table>
          <thead>
            <tr>
              <th align="left">Country</th>
              <th align="right">Male</th>
              <th align="right">Female</th>
              <th align="right">Other</th>
            </tr>
          </thead>
          <tbody>
            <tr>
              <td align="left">Austria</td>
              <td align="right">645</td>
              <td align="right">630</td>
              <td align="right">2</td>
            </tr>
            <tr>
              <td align="left">Belgium</td>
              <td align="right">729</td>
              <td align="right">574</td>
              <td align="right">2</td>
            </tr>
            <tr>
              <td align="left">Bulgaria</td>
              <td align="right">463</td>
              <td align="right">518</td>
              <td align="right">1</td>
            </tr>
            <tr>
              <td align="left">Croatia</td>
              <td align="right">545</td>
              <td align="right">694</td>
              <td align="right">1</td>
            </tr>
            <tr>
              <td align="left">Czech Republic</td>
              <td align="right">515</td>
              <td align="right">618</td>
              <td align="right">2</td>
            </tr>
            <tr>
              <td align="left">Denmark</td>
              <td align="right">690</td>
              <td align="right">508</td>
              <td align="right">2</td>
            </tr>
            <tr>
              <td align="left">Estonia</td>
              <td align="right">331</td>
              <td align="right">611</td>
              <td align="right">2</td>
            </tr>
            <tr>
              <td align="left">Finland</td>
              <td align="right">586</td>
              <td align="right">567</td>
              <td align="right">7</td>
            </tr>
            <tr>
              <td align="left">France</td>
              <td align="right">562</td>
              <td align="right">594</td>
              <td align="right">0</td>
            </tr>
            <tr>
              <td align="left">Germany</td>
              <td align="right">587</td>
              <td align="right">597</td>
              <td align="right">4</td>
            </tr>
            <tr>
              <td align="left">Greece</td>
              <td align="right">588</td>
              <td align="right">572</td>
              <td align="right">1</td>
            </tr>
            <tr>
              <td align="left">Hungary</td>
              <td align="right">493</td>
              <td align="right">492</td>
              <td align="right">1</td>
            </tr>
            <tr>
              <td align="left">Ireland</td>
              <td align="right">481</td>
              <td align="right">577</td>
              <td align="right">3</td>
            </tr>
            <tr>
              <td align="left">Italy</td>
              <td align="right">603</td>
              <td align="right">569</td>
              <td align="right">0</td>
            </tr>
            <tr>
              <td align="left">Latvia</td>
              <td align="right">415</td>
              <td align="right">733</td>
              <td align="right">0</td>
            </tr>
            <tr>
              <td align="left">Lithuania</td>
              <td align="right">462</td>
              <td align="right">803</td>
              <td align="right">0</td>
            </tr>
            <tr>
              <td align="left">Netherlands</td>
              <td align="right">642</td>
              <td align="right">577</td>
              <td align="right">2</td>
            </tr>
            <tr>
              <td align="left">Poland</td>
              <td align="right">540</td>
              <td align="right">658</td>
              <td align="right">0</td>
            </tr>
            <tr>
              <td align="left">Portugal</td>
              <td align="right">593</td>
              <td align="right">593</td>
              <td align="right">1</td>
            </tr>
            <tr>
              <td align="left">Romania</td>
              <td align="right">837</td>
              <td align="right">641</td>
              <td align="right">2</td>
            </tr>
            <tr>
              <td align="left">Slovakia</td>
              <td align="right">550</td>
              <td align="right">746</td>
              <td align="right">1</td>
            </tr>
            <tr>
              <td align="left">Slovenia</td>
              <td align="right">569</td>
              <td align="right">566</td>
              <td align="right">0</td>
            </tr>
            <tr>
              <td align="left">Spain</td>
              <td align="right">677</td>
              <td align="right">718</td>
              <td align="right">1</td>
            </tr>
            <tr>
              <td align="left">Sweden</td>
              <td align="right">648</td>
              <td align="right">602</td>
              <td align="right">4</td>
            </tr>
            <tr>
              <td align="left">United Kingdom</td>
              <td align="right">635</td>
              <td align="right">641</td>
              <td align="right">3</td>
            </tr>
            <tr>
              <td align="left">Total</td>
              <td align="right">14386</td>
              <td align="right">15399</td>
              <td align="right">42</td>
            </tr>
          </tbody>
        </table>
      </table-wrap>
    </fig>
    <fig id="tbl-nresp-country-agegroup">
      <caption><p>Table 3: Sample composition by country and age group.
      Numbers denote respondents.</p></caption>
      <table-wrap>
        <table>
          <colgroup>
            <col width="20%" />
            <col width="12%" />
            <col width="12%" />
            <col width="12%" />
            <col width="12%" />
            <col width="12%" />
            <col width="12%" />
            <col width="7%" />
          </colgroup>
          <thead>
            <tr>
              <th align="left">Country</th>
              <th>18 to 25</th>
              <th>26 to 35</th>
              <th>36 to 45</th>
              <th>46 to 55</th>
              <th>56 to 65</th>
              <th>66 to 75</th>
              <th align="right">&gt; 75</th>
            </tr>
          </thead>
          <tbody>
            <tr>
              <td align="left">Austria</td>
              <td>144</td>
              <td>177</td>
              <td>249</td>
              <td>263</td>
              <td>286</td>
              <td>142</td>
              <td align="right">0</td>
            </tr>
            <tr>
              <td align="left">Belgium</td>
              <td>197</td>
              <td>132</td>
              <td>160</td>
              <td>235</td>
              <td>333</td>
              <td>239</td>
              <td align="right">3</td>
            </tr>
            <tr>
              <td align="left">Bulgaria</td>
              <td>57</td>
              <td>195</td>
              <td>231</td>
              <td>250</td>
              <td>212</td>
              <td>33</td>
              <td align="right">0</td>
            </tr>
            <tr>
              <td align="left">Croatia</td>
              <td>119</td>
              <td>251</td>
              <td>272</td>
              <td>331</td>
              <td>205</td>
              <td>47</td>
              <td align="right">0</td>
            </tr>
            <tr>
              <td align="left">Czech Republic</td>
              <td>88</td>
              <td>187</td>
              <td>227</td>
              <td>219</td>
              <td>281</td>
              <td>126</td>
              <td align="right">0</td>
            </tr>
            <tr>
              <td align="left">Denmark</td>
              <td>132</td>
              <td>134</td>
              <td>139</td>
              <td>208</td>
              <td>321</td>
              <td>249</td>
              <td align="right">4</td>
            </tr>
            <tr>
              <td align="left">Estonia</td>
              <td>56</td>
              <td>168</td>
              <td>164</td>
              <td>283</td>
              <td>265</td>
              <td>7</td>
              <td align="right">0</td>
            </tr>
            <tr>
              <td align="left">Finland</td>
              <td>125</td>
              <td>178</td>
              <td>210</td>
              <td>242</td>
              <td>259</td>
              <td>137</td>
              <td align="right">1</td>
            </tr>
            <tr>
              <td align="left">France</td>
              <td>123</td>
              <td>176</td>
              <td>242</td>
              <td>267</td>
              <td>279</td>
              <td>51</td>
              <td align="right">0</td>
            </tr>
            <tr>
              <td align="left">Germany</td>
              <td>125</td>
              <td>184</td>
              <td>200</td>
              <td>240</td>
              <td>313</td>
              <td>117</td>
              <td align="right">0</td>
            </tr>
            <tr>
              <td align="left">Greece</td>
              <td>77</td>
              <td>202</td>
              <td>376</td>
              <td>318</td>
              <td>136</td>
              <td>34</td>
              <td align="right">0</td>
            </tr>
            <tr>
              <td align="left">Hungary</td>
              <td>51</td>
              <td>175</td>
              <td>196</td>
              <td>166</td>
              <td>273</td>
              <td>117</td>
              <td align="right">1</td>
            </tr>
            <tr>
              <td align="left">Ireland</td>
              <td>128</td>
              <td>216</td>
              <td>223</td>
              <td>187</td>
              <td>169</td>
              <td>120</td>
              <td align="right">0</td>
            </tr>
            <tr>
              <td align="left">Italy</td>
              <td>104</td>
              <td>196</td>
              <td>264</td>
              <td>195</td>
              <td>294</td>
              <td>98</td>
              <td align="right">2</td>
            </tr>
            <tr>
              <td align="left">Latvia</td>
              <td>78</td>
              <td>251</td>
              <td>231</td>
              <td>338</td>
              <td>239</td>
              <td>6</td>
              <td align="right">0</td>
            </tr>
            <tr>
              <td align="left">Lithuania</td>
              <td>223</td>
              <td>311</td>
              <td>257</td>
              <td>250</td>
              <td>212</td>
              <td>2</td>
              <td align="right">0</td>
            </tr>
            <tr>
              <td align="left">Netherlands</td>
              <td>149</td>
              <td>126</td>
              <td>161</td>
              <td>234</td>
              <td>340</td>
              <td>194</td>
              <td align="right">3</td>
            </tr>
            <tr>
              <td align="left">Poland</td>
              <td>200</td>
              <td>342</td>
              <td>222</td>
              <td>187</td>
              <td>196</td>
              <td>42</td>
              <td align="right">0</td>
            </tr>
            <tr>
              <td align="left">Portugal</td>
              <td>112</td>
              <td>260</td>
              <td>289</td>
              <td>231</td>
              <td>218</td>
              <td>67</td>
              <td align="right">1</td>
            </tr>
            <tr>
              <td align="left">Romania</td>
              <td>128</td>
              <td>339</td>
              <td>373</td>
              <td>347</td>
              <td>202</td>
              <td>65</td>
              <td align="right">0</td>
            </tr>
            <tr>
              <td align="left">Slovakia</td>
              <td>139</td>
              <td>223</td>
              <td>282</td>
              <td>290</td>
              <td>250</td>
              <td>108</td>
              <td align="right">1</td>
            </tr>
            <tr>
              <td align="left">Slovenia</td>
              <td>97</td>
              <td>186</td>
              <td>246</td>
              <td>284</td>
              <td>234</td>
              <td>72</td>
              <td align="right">0</td>
            </tr>
            <tr>
              <td align="left">Spain</td>
              <td>125</td>
              <td>293</td>
              <td>355</td>
              <td>305</td>
              <td>228</td>
              <td>66</td>
              <td align="right">1</td>
            </tr>
            <tr>
              <td align="left">Sweden</td>
              <td>124</td>
              <td>165</td>
              <td>156</td>
              <td>234</td>
              <td>297</td>
              <td>261</td>
              <td align="right">3</td>
            </tr>
            <tr>
              <td align="left">United Kingdom</td>
              <td>121</td>
              <td>184</td>
              <td>196</td>
              <td>234</td>
              <td>268</td>
              <td>250</td>
              <td align="right">1</td>
            </tr>
            <tr>
              <td align="left">Total</td>
              <td>3022</td>
              <td>5251</td>
              <td>5921</td>
              <td>6338</td>
              <td>6310</td>
              <td>2650</td>
              <td align="right">21</td>
            </tr>
          </tbody>
        </table>
      </table-wrap>
    </fig>
  </sec>
  <sec id="experimental-setup">
    <title>5.2 Experimental setup</title>
    <p>Before the behavioral games, Hahm, Hilpert, and König
    (<xref alt="2024" rid="ref-hahm2024divided" ref-type="bibr">2024</xref>)
    presented respondents a short background information overview and
    instructions. For the dictator game, these were: <italic>This game
    is played by pairs of individuals.</italic> <italic>Each pair is
    made up of a Player 1 and a Player 2.</italic> <italic>Each player
    will have some information about the other player, but you will not
    be told who the other players are during or after the
    experiment.</italic> <italic>The game is conducted as follows: A sum
    of 10 tokens will be provisionally allocated to Player 1 at the
    start of each round.</italic> <italic>Player 1 will then decide how
    much of the 10 tokens to offer to Player 2.</italic> <italic>Player
    1 could give some, all, or none of the 10 tokens.</italic>
    <italic>Player 1 keeps all tokens not given to Player 2.</italic>
    <italic>Player 2 gets to keep all the tokens Player 1
    offers.</italic> <italic>You will play this game three times with
    three different people.</italic> In the trust game, the provided
    information and instruction were: <italic>This game is played by
    pairs of individuals.</italic> <italic>Each pair is made up of a
    Player 1 and a Player 2.</italic> <italic>Each player will have some
    information about the other player, but you will not be told who the
    other players are during or after the experiment.</italic>
    <italic>Each player will receive 10 tokens.</italic> <italic>Player
    1 then has the opportunity to give a portion of his or her 10 tokens
    to Player 2.</italic> <italic>Player 1 could give some, all, or none
    of the 10 tokens.</italic> <italic>Whatever amount Player 1 decides
    to give to Player 2 will be tripled before it is passed on to Player
    2.</italic> <italic>Player 2 then has the option of returning any
    portion of this tripled amount to Player 1.</italic> <italic>Then,
    the game is over.</italic> <italic>Player 1 receives whatever he or
    she keeps from the original 10 tokens, plus anything returned to him
    or her by Player 2. Player 2 receives their original 10 tokens, plus
    whatever he or she keeps after returning any portion of the tripled
    amount to Player 1.</italic> <italic>You will play this game three
    times, with three different people.</italic> <italic>The more tokens
    you obtain, the more successful you will be.</italic></p>
    <p>In both games respondents were shown a tabular overview of Player
    2 after the instructions.
    <xref alt="Figure 4" rid="fig-example-profile">Figure 4</xref> shows
    an example of such a profile along with the interface respondents
    were provided to assign the 10 tokens. Each round, a new profile was
    displayed to respondents.</p>
    <fig id="fig-example-profile">
      <caption><p>Figure 4: Example of potential co-player
      profile.</p></caption>
      <graphic mimetype="image" mime-subtype="png" xlink:href="images/cj-example-profile.png" />
    </fig>
  </sec>
  <sec id="distribution-of-y">
    <title>5.3 Distribution of Y</title>
    <fig id="fig-distr-y">
      <caption><p>Figure 5: Distribution of token allocation (Y) by
      game. Dictator game: <inline-formula><alternatives>
      <tex-math><![CDATA[Mean = 3.41]]></tex-math>
      <mml:math display="inline" xmlns:mml="http://www.w3.org/1998/Math/MathML"><mml:mrow><mml:mi>M</mml:mi><mml:mi>e</mml:mi><mml:mi>a</mml:mi><mml:mi>n</mml:mi><mml:mo>=</mml:mo><mml:mn>3.41</mml:mn></mml:mrow></mml:math></alternatives></inline-formula>,
      <inline-formula><alternatives>
      <tex-math><![CDATA[median = 4]]></tex-math>
      <mml:math display="inline" xmlns:mml="http://www.w3.org/1998/Math/MathML"><mml:mrow><mml:mi>m</mml:mi><mml:mi>e</mml:mi><mml:mi>d</mml:mi><mml:mi>i</mml:mi><mml:mi>a</mml:mi><mml:mi>n</mml:mi><mml:mo>=</mml:mo><mml:mn>4</mml:mn></mml:mrow></mml:math></alternatives></inline-formula>,
      <inline-formula><alternatives>
      <tex-math><![CDATA[SD = 2.35]]></tex-math>
      <mml:math display="inline" xmlns:mml="http://www.w3.org/1998/Math/MathML"><mml:mrow><mml:mi>S</mml:mi><mml:mi>D</mml:mi><mml:mo>=</mml:mo><mml:mn>2.35</mml:mn></mml:mrow></mml:math></alternatives></inline-formula>.
      Trust game: <inline-formula><alternatives>
      <tex-math><![CDATA[Mean = 3.48]]></tex-math>
      <mml:math display="inline" xmlns:mml="http://www.w3.org/1998/Math/MathML"><mml:mrow><mml:mi>M</mml:mi><mml:mi>e</mml:mi><mml:mi>a</mml:mi><mml:mi>n</mml:mi><mml:mo>=</mml:mo><mml:mn>3.48</mml:mn></mml:mrow></mml:math></alternatives></inline-formula>,
      <inline-formula><alternatives>
      <tex-math><![CDATA[median = 4]]></tex-math>
      <mml:math display="inline" xmlns:mml="http://www.w3.org/1998/Math/MathML"><mml:mrow><mml:mi>m</mml:mi><mml:mi>e</mml:mi><mml:mi>d</mml:mi><mml:mi>i</mml:mi><mml:mi>a</mml:mi><mml:mi>n</mml:mi><mml:mo>=</mml:mo><mml:mn>4</mml:mn></mml:mrow></mml:math></alternatives></inline-formula>,
      <inline-formula><alternatives>
      <tex-math><![CDATA[SD = 2.49]]></tex-math>
      <mml:math display="inline" xmlns:mml="http://www.w3.org/1998/Math/MathML"><mml:mrow><mml:mi>S</mml:mi><mml:mi>D</mml:mi><mml:mo>=</mml:mo><mml:mn>2.49</mml:mn></mml:mrow></mml:math></alternatives></inline-formula></p></caption>
      <graphic mimetype="image" mime-subtype="png" xlink:href="index_files/figure-jats/code-01_prep-02_descr_anal-fig-distr-y-output-2.png" />
    </fig>
  </sec>
  <sec id="distribution-of-t-and-r">
    <title>5.4 Distribution of T and R</title>
    <fig id="tbl-t-r-distr">
      <caption><p>Table 4</p></caption>
      <table-wrap>
        <table>
          <thead>
            <tr>
              <th align="left">der_partisan_type</th>
              <th align="left">None</th>
              <th align="left">Co</th>
              <th align="left">Out</th>
            </tr>
          </thead>
          <tbody>
            <tr>
              <td align="left">0</td>
              <td align="left">5123</td>
              <td align="left">1948</td>
              <td align="left">18465</td>
            </tr>
            <tr>
              <td align="left">1</td>
              <td align="left">14898</td>
              <td align="left">30820</td>
              <td align="left">29366</td>
            </tr>
          </tbody>
        </table>
      </table-wrap>
    </fig>
  </sec>
  <sec id="distribution-of-covariates-by-t">
    <title>5.5 Distribution of Covariates by T</title>
    <fig id="tbl-covariate-distr">
      <caption><p>Table 5</p></caption>
      <table-wrap>
        <table>
          <colgroup>
            <col width="33%" />
            <col width="33%" />
            <col width="33%" />
          </colgroup>
          <thead>
            <tr>
              <th align="left"><bold>Variable</bold></th>
              <th align="left"><bold>0</bold><break/>N =
              25,536<named-content content-type="gt_footnote_marks"><sup>1</sup></named-content></th>
              <th align="left"><bold>1</bold><break/>N =
              75,084<named-content content-type="gt_footnote_marks"><sup>1</sup></named-content></th>
            </tr>
          </thead>
          <tbody>
            <tr>
              <td align="left">q_lrpos2_z</td>
              <td align="left">-0.08 (-0.45, 0.29)</td>
              <td align="left">-0.08 (-0.82, 0.66)</td>
            </tr>
            <tr>
              <td align="left">q_eupos2_z</td>
              <td align="left">0.08 (-0.68, 0.46)</td>
              <td align="left">0.08 (-0.68, 0.84)</td>
            </tr>
            <tr>
              <td align="left">q_econ_nativism_z</td>
              <td align="left">0.15 (-1.03, 0.74)</td>
              <td align="left">0.15 (-1.03, 0.74)</td>
            </tr>
            <tr>
              <td align="left">q_cult_nativism_z</td>
              <td align="left">0.07 (-1.03, 0.62)</td>
              <td align="left">0.07 (-1.03, 0.62)</td>
            </tr>
            <tr>
              <td align="left">q_satis_demo_country_z</td>
              <td align="left">0.30 (-0.81, 1.40)</td>
              <td align="left">0.30 (-0.81, 0.30)</td>
            </tr>
            <tr>
              <td align="left">q_understand_nat_pol_z</td>
              <td align="left">0.12 (-0.65, 0.12)</td>
              <td align="left">0.12 (-0.65, 0.90)</td>
            </tr>
            <tr>
              <td align="left">q_understand_eu_pol_z</td>
              <td align="left">0.22 (-0.50, 0.22)</td>
              <td align="left">0.22 (-0.50, 0.94)</td>
            </tr>
            <tr>
              <td align="left">q_parties_harm_z</td>
              <td align="left">0.25 (-0.38, 0.88)</td>
              <td align="left">0.25 (-0.38, 0.88)</td>
            </tr>
            <tr>
              <td align="left">q_officials_talk_action_z</td>
              <td align="left">0.41 (-0.33, 1.15)</td>
              <td align="left">0.41 (-0.33, 1.15)</td>
            </tr>
            <tr>
              <td align="left">q_politics_good_evil_z</td>
              <td align="left">-0.14 (-0.76, 0.48)</td>
              <td align="left">-0.14 (-0.76, 0.48)</td>
            </tr>
            <tr>
              <td align="left">q_people_unaware_z</td>
              <td align="left">0.40 (-0.81, 1.00)</td>
              <td align="left">-0.20 (-0.81, 1.00)</td>
            </tr>
            <tr>
              <td align="left">q_leaders_educated_z</td>
              <td align="left">0.39 (-0.32, 1.10)</td>
              <td align="left">0.39 (-1.03, 1.10)</td>
            </tr>
            <tr>
              <td align="left">q_expert_decisions_z</td>
              <td align="left">0.16 (-0.49, 0.80)</td>
              <td align="left">0.16 (-0.49, 0.80)</td>
            </tr>
            <tr>
              <td align="left">q_listen_other_groups_z</td>
              <td align="left">0.18 (-0.74, 1.10)</td>
              <td align="left">0.18 (-0.74, 1.10)</td>
            </tr>
            <tr>
              <td align="left">q_democracy_compromise_z</td>
              <td align="left">-0.29 (-0.29, 0.57)</td>
              <td align="left">-0.29 (-0.29, 0.57)</td>
            </tr>
            <tr>
              <td align="left">q_interest_pol_country_z</td>
              <td align="left">0.06 (-0.60, 0.72)</td>
              <td align="left">0.06 (-0.60, 0.72)</td>
            </tr>
            <tr>
              <td align="left">q_interest_pol_eu_z</td>
              <td align="left">-0.28 (-0.96, 0.39)</td>
              <td align="left">0.39 (-0.28, 1.06)</td>
            </tr>
            <tr>
              <td align="left">q_eval_finance_household_z</td>
              <td align="left">0.01 (-0.99, 1.00)</td>
              <td align="left">0.01 (-0.99, 1.00)</td>
            </tr>
            <tr>
              <td align="left">q_eval_job_z</td>
              <td align="left">0.11 (-0.80, 1.03)</td>
              <td align="left">0.11 (-0.80, 0.11)</td>
            </tr>
            <tr>
              <td align="left">q_eval_econ_country_z</td>
              <td align="left">-0.14 (-1.03, 0.76)</td>
              <td align="left">-0.14 (-1.03, 0.76)</td>
            </tr>
            <tr>
              <td align="left">q_eval_econ_eur_z</td>
              <td align="left">0.07 (-0.94, 1.09)</td>
              <td align="left">0.07 (-0.94, 1.09)</td>
            </tr>
            <tr>
              <td align="left">q_risk_taking_z</td>
              <td align="left">0.11 (-0.56, 0.78)</td>
              <td align="left">0.11 (-0.56, 0.78)</td>
            </tr>
            <tr>
              <td align="left">q_future_discount_z</td>
              <td align="left">-0.17 (-0.84, 0.50)</td>
              <td align="left">-0.17 (-0.84, 0.50)</td>
            </tr>
            <tr>
              <td align="left">q_edu_z</td>
              <td align="left">-0.08 (-0.73, 0.57)</td>
              <td align="left">-0.08 (-0.73, 0.57)</td>
            </tr>
            <tr>
              <td align="left">q_age_z</td>
              <td align="left">-0.11 (-0.92, 0.64)</td>
              <td align="left">0.09 (-0.79, 0.91)</td>
            </tr>
            <tr>
              <td align="left">q_religion_en</td>
              <td align="left"><break/></td>
              <td align="left"><break/></td>
            </tr>
            <tr>
              <td align="left">    catholic</td>
              <td align="left">8,606 (34%)</td>
              <td align="left">27,379 (36%)</td>
            </tr>
            <tr>
              <td align="left">    no religion</td>
              <td align="left">9,462 (37%)</td>
              <td align="left">25,678 (34%)</td>
            </tr>
            <tr>
              <td align="left">    protstnt</td>
              <td align="left">1,881 (7.4%)</td>
              <td align="left">7,570 (10%)</td>
            </tr>
            <tr>
              <td align="left">    other religion</td>
              <td align="left">5,470 (21%)</td>
              <td align="left">13,791 (18%)</td>
            </tr>
            <tr>
              <td align="left">    muslim</td>
              <td align="left">114 (0.4%)</td>
              <td align="left">664 (0.9%)</td>
            </tr>
            <tr>
              <td align="left">q_perc_class</td>
              <td align="left"><break/></td>
              <td align="left"><break/></td>
            </tr>
            <tr>
              <td align="left">    Working class</td>
              <td align="left">5,307 (22%)</td>
              <td align="left">15,198 (21%)</td>
            </tr>
            <tr>
              <td align="left">    Lower middle class</td>
              <td align="left">4,866 (20%)</td>
              <td align="left">13,924 (19%)</td>
            </tr>
            <tr>
              <td align="left">    Middle class</td>
              <td align="left">12,060 (49%)</td>
              <td align="left">35,019 (48%)</td>
            </tr>
            <tr>
              <td align="left">    Upper middle class</td>
              <td align="left">2,055 (8.4%)</td>
              <td align="left">7,622 (10%)</td>
            </tr>
            <tr>
              <td align="left">    Upper class</td>
              <td align="left">191 (0.8%)</td>
              <td align="left">1,310 (1.8%)</td>
            </tr>
            <tr>
              <td align="left">q_rural_urban</td>
              <td align="left"><break/></td>
              <td align="left"><break/></td>
            </tr>
            <tr>
              <td align="left">    Rural area or village</td>
              <td align="left">5,819 (23%)</td>
              <td align="left">17,093 (23%)</td>
            </tr>
            <tr>
              <td align="left">    Small or middle sized town</td>
              <td align="left">9,069 (36%)</td>
              <td align="left">28,418 (38%)</td>
            </tr>
            <tr>
              <td align="left">    Large town</td>
              <td align="left">10,573 (42%)</td>
              <td align="left">29,298 (39%)</td>
            </tr>
            <tr>
              <td align="left">q_gender</td>
              <td align="left"><break/></td>
              <td align="left"><break/></td>
            </tr>
            <tr>
              <td align="left">    Male</td>
              <td align="left">10,939 (43%)</td>
              <td align="left">39,456 (53%)</td>
            </tr>
            <tr>
              <td align="left">    Female</td>
              <td align="left">14,565 (57%)</td>
              <td align="left">35,514 (47%)</td>
            </tr>
            <tr>
              <td align="left">    Other</td>
              <td align="left">32 (0.1%)</td>
              <td align="left">114 (0.2%)</td>
            </tr>
            <tr>
              <td align="left"><named-content content-type="gt_footnote_marks"><sup>1</sup></named-content>
              Median (Q1, Q3); n (%)</td>
              <td align="left"></td>
              <td align="left"></td>
            </tr>
          </tbody>
        </table>
      </table-wrap>
    </fig>
  </sec>
  <sec id="robustness">
    <title>5.6 Robustness</title>
  </sec>
</sec>
<sec id="eidesstattliche-erklärung-statutory-declaration">
  <title>Eidesstattliche Erklärung – Statutory Declaration</title>
  <p>Hiermit versichere ich, dass diese Arbeit von mir persönlich
  verfasst ist und dass ich keinerlei fremde Hilfe in Anspruch genommen
  habe. Ebenso versichere ich, dass diese Arbeit oder Teile daraus weder
  von mir selbst noch von anderen als Leistungsnachweise andernorts
  eingereicht wurden. Wörtliche oder sinngemäße Übernahmen aus anderen
  Schriften und Veröffentlichungen in gedruckter oder elektronischer
  Form sind gekennzeichnet. Sämtliche Sekundärliteratur und sonstige
  Quellen sind nachgewiesen und in der Bibliographie aufgeführt. Das
  Gleiche gilt für graphische Darstellungen und Bilder sowie für alle
  Internet-Quellen. Ich bin ferner damit einverstanden, dass meine
  Arbeit zum Zwecke eines Plagiatsabgleichs in elektronischer Form
  anonymisiert versendet und gespeichert werden kann. Mir ist bekannt,
  dass von der Korrektur der Arbeit abgesehen und die Prüfungsleistung
  mit „nicht ausreichend“ bewertet werden kann, wenn die Erklärung nicht
  erteilt wird.</p>
  <p>I hereby declare that the paper presented is my own work and that I
  have not called upon the help of a third party. In addition, I affirm
  that neither I nor anybody else has submitted this paper or parts of
  it to obtain credits elsewhere before. I have clearly marked and
  acknowledged all quotations or references that have been taken from
  the works of other. All secondary literature and other sources are
  marked and listed in the bibliography. The same applies to all charts,
  diagrams and illustrations as well as to all Internet sources.
  Moreover, I consent to my paper being electronically stores and sent
  anonymously in order to be checked for plagiarism. I am aware that the
  paper cannot be evaluated and may be graded “failed” (“nicht
  ausreichend”) if the declaration is not made.</p>
</sec>
</body>

<back>
<ref-list>
  <title></title>
  <ref id="ref-hahm2024divided">
    <element-citation publication-type="article-journal">
      <person-group person-group-type="author">
        <name><surname>Hahm</surname><given-names>Hyeonho</given-names></name>
        <name><surname>Hilpert</surname><given-names>David</given-names></name>
        <name><surname>König</surname><given-names>Thomas</given-names></name>
      </person-group>
      <article-title>Divided we unite: The nature of partyism and the role of coalition partnership in europe</article-title>
      <source>American Political Science Review</source>
      <publisher-name>Cambridge University Press</publisher-name>
      <year iso-8601-date="2024">2024</year>
      <volume>118</volume>
      <issue>1</issue>
      <pub-id pub-id-type="doi">10.1017/S0003055423000266</pub-id>
      <fpage>69</fpage>
      <lpage>87</lpage>
    </element-citation>
  </ref>
</ref-list>
</back>

<sub-article article-type="notebook" id="nb-10-nb-article">
<front-stub>
<title-group>
<article-title>How does partisan type influence affective
polarization?</article-title>
<subtitle><p>A comparative study of 25 European
democracies</p></subtitle>
</title-group>
<contrib-group>
<contrib contrib-type="author">
<contrib-id contrib-id-type="orcid">0009-0002-3078-8436</contrib-id>
<name>
<surname>Muno</surname>
<given-names>Tristan</given-names>
</name>
<string-name>Tristan Muno</string-name>

<email>tristan.muno@uni-mannheim.de</email>
<xref ref-type="aff" rid="aff-1-nb-article">a</xref>
</contrib>
<contrib contrib-type="author">
<contrib-id contrib-id-type="orcid">0000-0002-1797-6662</contrib-id>
<name>
<surname>König</surname>
<given-names>Thomas</given-names>
</name>
<string-name>Thomas König</string-name>

<email>koenig@uni-mannheim.de</email>
<xref ref-type="aff" rid="aff-2-nb-article">b</xref>
</contrib>
</contrib-group>
<aff id="aff-1-nb-article">
<institution-wrap>
<institution>University of Mannheim</institution>
</institution-wrap>
<addr-line>A 5, 6 – Raum A 351</addr-line>
<city>Mannheim</city>
<state>BW</state>

<postal-code>68159</postal-code>


</aff>
<aff id="aff-2-nb-article">
<institution-wrap>
<institution>University of Mannheim</institution>
</institution-wrap>
<addr-line>A 5, 6 – Raum A 353</addr-line>
<city>Mannheim</city>
<state>BW</state>

<postal-code>68159</postal-code>


</aff>
<abstract>
<p>Space for an abstract.</p>
</abstract>
</front-stub>

<body>
<sec id="roadmap-nb-article">
  <title>1 Roadmap</title>
  <p>Explore variation across three main dimensions:</p>
  <list list-type="order">
    <list-item>
      <p>Operationalization: Ingroup via explicit attachement (identity)
      vs vote intention/choice</p>
    </list-item>
    <list-item>
      <p>Measurement: Behavior vs Attitude</p>
    </list-item>
    <list-item>
      <p>External validity: Cross-national variability</p>
    </list-item>
  </list>
</sec>
<sec id="exploratory-figures-nb-article">
  <title>2 Exploratory figures</title>
  <sec id="cell-fig-impl-expl-distribution-nb-article" specific-use="notebook-content">
  <code language="python">toplot &lt;- eu25games2019 |&gt;
  select(meta_country, der_partisanship, meta_pid) |&gt;
  distinct(meta_pid, .keep_all = T) |&gt;
  filter(!is.na(der_partisanship)) |&gt;
  group_by(meta_country) |&gt;
  count(der_partisanship) |&gt;
  mutate(
    total_n = sum(n),
    prop = n / total_n
  ) |&gt;
  ungroup()

expl_prop &lt;- toplot |&gt;
  filter(der_partisanship == &quot;1_pid_expl&quot;) |&gt;
  select(meta_country, expl_prop = prop)

toplot &lt;- toplot |&gt;
  left_join(
    expl_prop,
    by = join_by(meta_country)
  ) |&gt;
  mutate(
    meta_country = fct_reorder(meta_country, expl_prop),
    der_partisanship2 = case_when(
      der_partisanship == &quot;1_pid_expl&quot; ~ &quot;Explicit&quot;,
      der_partisanship == &quot;2_pid_impl&quot; ~ &quot;Implicit&quot;,
      der_partisanship == &quot;3_nopid&quot; ~ &quot;None&quot;
    )
  )

ggplot(
  toplot,
  aes(x = n, y = meta_country, fill = der_partisanship2)
) +
  geom_bar(
    stat = &quot;identity&quot;,
    position = &quot;fill&quot;,
    color = &quot;black&quot;,
    width = 0.75
  ) +
  scale_fill_manual(
    values = c(&quot;white&quot;, &quot;#CCCCCC&quot;, &quot;black&quot;),
    labels = c(
      bquote(&quot;Explicit (&quot; * italic(T)[i] == 1 * &quot;)&quot;),
      bquote(&quot;Implicit (&quot; * italic(T)[i] == 0 * &quot;)&quot;),
      expression(paste(&quot;None (&quot;, italic(T)[i] == phantom(0) * &quot;\u2205&quot;, &quot;)&quot;))
    )
  ) +
  scale_x_continuous(labels = percent) +
  labs(
    x = &quot;Share&quot;,
    y = &quot;Country&quot;,
    fill = bquote(&quot;Partisan Type (&quot; * italic(T)[i] * &quot;)&quot;)
  ) +
  theme_pubr() +
  theme(
    aspect.ratio = 1 / 1.618034
  )</code>
  <boxed-text>
    <fig id="fig-impl-expl-distribution-nb-article">
      <caption><p>Figure 1: Distribution of partisan types, by country.
      Stacked horizontal bars show the within-country share (%) of three
      partisan types: explicit partisans (respondents who reported a
      subjective attachement to a party, <inline-formula><alternatives>
      <tex-math><![CDATA[T_i=1]]></tex-math>
      <mml:math display="inline" xmlns:mml="http://www.w3.org/1998/Math/MathML"><mml:mrow><mml:msub><mml:mi>T</mml:mi><mml:mi>i</mml:mi></mml:msub><mml:mo>=</mml:mo><mml:mn>1</mml:mn></mml:mrow></mml:math></alternatives></inline-formula>),
      implicit partisans (respondents who reported no attachement but
      did report a vote preference or intention,
      <inline-formula><alternatives>
      <tex-math><![CDATA[T_i=0]]></tex-math>
      <mml:math display="inline" xmlns:mml="http://www.w3.org/1998/Math/MathML"><mml:mrow><mml:msub><mml:mi>T</mml:mi><mml:mi>i</mml:mi></mml:msub><mml:mo>=</mml:mo><mml:mn>0</mml:mn></mml:mrow></mml:math></alternatives></inline-formula>),
      and respondents who reported neither (none,
      <inline-formula><alternatives>
      <tex-math><![CDATA[T_i = \emptyset]]></tex-math>
      <mml:math display="inline" xmlns:mml="http://www.w3.org/1998/Math/MathML"><mml:mrow><mml:msub><mml:mi>T</mml:mi><mml:mi>i</mml:mi></mml:msub><mml:mo>=</mml:mo><mml:mi>∅</mml:mi></mml:mrow></mml:math></alternatives></inline-formula>).
      Percentages sum to 100% within each country, with country samples
      containing about <inline-formula><alternatives>
      <tex-math><![CDATA[1,100]]></tex-math>
      <mml:math display="inline" xmlns:mml="http://www.w3.org/1998/Math/MathML"><mml:mrow><mml:mn>1</mml:mn><mml:mo>,</mml:mo><mml:mn>100</mml:mn></mml:mrow></mml:math></alternatives></inline-formula>
      respondents each (detailed numbers are reported in appendix
      section X).</p></caption>
      <graphic mimetype="image" mime-subtype="png" xlink:href="index_files/figure-jats/code-01_prep-01_wrangling-fig-impl-expl-distribution-output-1.png" />
    </fig>
  </boxed-text>
  </sec>
  <sec id="cell-fig-exploratory-country-anal-dict-nb-article" specific-use="notebook-content">
  <code language="python">eu25games2019 &lt;- eu25games2019 |&gt;
  mutate(
    cj_token_logged = log(cj_token + 1)
  )

token_means &lt;- eu25games2019 |&gt;
  filter(meta_game == &quot;dict&quot;) |&gt;
  filter(
    !der_outpartisan_comb %in%
      c(
        &quot;97_eunat_expl&quot;,
        &quot;97_eunat_impl&quot;,
        &quot;98_outnat_expl&quot;,
        &quot;98_outnat_impl&quot;,
        &quot;99_outnatEU_nopid&quot;,
        &quot;99_outnat_nopid&quot;
      ) &amp;
      !is.na(der_outpartisan_comb)
  ) |&gt;
  group_by(meta_country, der_outpartisan_comb) |&gt;
  summarise(
    m = mean(cj_token_logged),
    s = sd(cj_token_logged),
    n = n()
  ) |&gt;
  ungroup()</code>
  <boxed-text>
    <preformat>`summarise()` has grouped output by 'meta_country'. You can override using the
`.groups` argument.</preformat>
  </boxed-text>
  <boxed-text>
    <fig id="fig-exploratory-country-anal-dict-nb-article">
      <caption><p>Figure 2: Exploratory token allocation behavior by
      country and pid type in the dictator game: ingroup favoritism,
      outgroup derogation and affective polarization. The figure shows
      mean differences in token allocation with 95% confidence
      intervals. IF = mean(token2co) - mean(token2control), OD =
      mean(token2control) - mean(token2out), AP = mean(token2co) -
      mean(token2out)</p></caption>
      <graphic mimetype="image" mime-subtype="png" xlink:href="index_files/figure-jats/code-01_prep-01_wrangling-fig-exploratory-country-anal-dict-output-2.png" />
    </fig>
  </boxed-text>
  </sec>
  <sec id="cell-fig-exploratory-country-anal-trust-nb-article" specific-use="notebook-content">
  <code language="python">eu25games2019 &lt;- eu25games2019 |&gt;
  mutate(
    cj_token_logged = log(cj_token + 1)
  )

token_means &lt;- eu25games2019 |&gt;
  filter(meta_game == &quot;trust&quot;) |&gt;
  filter(
    !der_outpartisan_comb %in%
      c(
        &quot;97_eunat_expl&quot;,
        &quot;97_eunat_impl&quot;,
        &quot;98_outnat_expl&quot;,
        &quot;98_outnat_impl&quot;,
        &quot;99_outnatEU_nopid&quot;,
        &quot;99_outnat_nopid&quot;
      ) &amp;
      !is.na(der_outpartisan_comb)
  ) |&gt;
  group_by(meta_country, der_outpartisan_comb) |&gt;
  summarise(
    m = mean(cj_token_logged),
    s = sd(cj_token_logged),
    n = n()
  ) |&gt;
  ungroup()</code>
  <boxed-text>
    <preformat>`summarise()` has grouped output by 'meta_country'. You can override using the
`.groups` argument.</preformat>
  </boxed-text>
  <boxed-text>
    <fig id="fig-exploratory-country-anal-trust-nb-article">
      <caption><p>Figure 3: Exploratory token allocation behavior by
      country and pid type in the trust game: ingroup favoritism,
      outgroup derogation and affective polarization. The figure shows
      mean differences in token allocation with 95% confidence
      intervals. IF = mean(token2co) - mean(token2control), OD =
      mean(token2control) - mean(token2out), AP = mean(token2co) -
      mean(token2out)</p></caption>
      <graphic mimetype="image" mime-subtype="png" xlink:href="index_files/figure-jats/code-01_prep-01_wrangling-fig-exploratory-country-anal-trust-output-2.png" />
    </fig>
  </boxed-text>
  </sec>
</sec>
<sec id="data-nb-article">
  <title>3 Data</title>
  <p>We use data from Hahm, Hilpert, and König
  (<xref alt="2024" rid="ref-hahm2024divided-nb-article" ref-type="bibr">2024</xref>).</p>
</sec>
<sec id="references-nb-article">
  <title>4 References</title>
</sec>
<sec id="appendix-nb-article">
  <title>5 Appendix</title>
  <sec id="sample-descriptives-nb-article">
    <title>5.1 Sample descriptives</title>
    <sec specific-use="notebook-content">
    <code language="python">eu25games2019 |&gt;
  distinct(meta_pid, .keep_all = T) |&gt;
  tabyl(
    meta_country
  ) |&gt;
  adorn_rounding(2) |&gt;
  adorn_totals() |&gt;
  knitr::kable(col.names = c(&quot;Country&quot;, &quot;N&quot;, &quot;Percent&quot;))</code>
    <fig id="tbl-nresp-country-nb-article">
      <caption><p>Table 1: Sample composition by country. Numbers denote
      respondents.</p></caption>
      <boxed-text>
        <table-wrap>
          <table>
            <thead>
              <tr>
                <th align="left">Country</th>
                <th align="right">N</th>
                <th align="right">Percent</th>
              </tr>
            </thead>
            <tbody>
              <tr>
                <td align="left">Austria</td>
                <td align="right">1277</td>
                <td align="right">0.04</td>
              </tr>
              <tr>
                <td align="left">Belgium</td>
                <td align="right">1305</td>
                <td align="right">0.04</td>
              </tr>
              <tr>
                <td align="left">Bulgaria</td>
                <td align="right">982</td>
                <td align="right">0.03</td>
              </tr>
              <tr>
                <td align="left">Croatia</td>
                <td align="right">1240</td>
                <td align="right">0.04</td>
              </tr>
              <tr>
                <td align="left">Czech Republic</td>
                <td align="right">1135</td>
                <td align="right">0.04</td>
              </tr>
              <tr>
                <td align="left">Denmark</td>
                <td align="right">1200</td>
                <td align="right">0.04</td>
              </tr>
              <tr>
                <td align="left">Estonia</td>
                <td align="right">944</td>
                <td align="right">0.03</td>
              </tr>
              <tr>
                <td align="left">Finland</td>
                <td align="right">1160</td>
                <td align="right">0.04</td>
              </tr>
              <tr>
                <td align="left">France</td>
                <td align="right">1156</td>
                <td align="right">0.04</td>
              </tr>
              <tr>
                <td align="left">Germany</td>
                <td align="right">1188</td>
                <td align="right">0.04</td>
              </tr>
              <tr>
                <td align="left">Greece</td>
                <td align="right">1161</td>
                <td align="right">0.04</td>
              </tr>
              <tr>
                <td align="left">Hungary</td>
                <td align="right">986</td>
                <td align="right">0.03</td>
              </tr>
              <tr>
                <td align="left">Ireland</td>
                <td align="right">1061</td>
                <td align="right">0.04</td>
              </tr>
              <tr>
                <td align="left">Italy</td>
                <td align="right">1172</td>
                <td align="right">0.04</td>
              </tr>
              <tr>
                <td align="left">Latvia</td>
                <td align="right">1148</td>
                <td align="right">0.04</td>
              </tr>
              <tr>
                <td align="left">Lithuania</td>
                <td align="right">1265</td>
                <td align="right">0.04</td>
              </tr>
              <tr>
                <td align="left">Netherlands</td>
                <td align="right">1221</td>
                <td align="right">0.04</td>
              </tr>
              <tr>
                <td align="left">Poland</td>
                <td align="right">1198</td>
                <td align="right">0.04</td>
              </tr>
              <tr>
                <td align="left">Portugal</td>
                <td align="right">1187</td>
                <td align="right">0.04</td>
              </tr>
              <tr>
                <td align="left">Romania</td>
                <td align="right">1480</td>
                <td align="right">0.05</td>
              </tr>
              <tr>
                <td align="left">Slovakia</td>
                <td align="right">1297</td>
                <td align="right">0.04</td>
              </tr>
              <tr>
                <td align="left">Slovenia</td>
                <td align="right">1135</td>
                <td align="right">0.04</td>
              </tr>
              <tr>
                <td align="left">Spain</td>
                <td align="right">1396</td>
                <td align="right">0.05</td>
              </tr>
              <tr>
                <td align="left">Sweden</td>
                <td align="right">1254</td>
                <td align="right">0.04</td>
              </tr>
              <tr>
                <td align="left">United Kingdom</td>
                <td align="right">1279</td>
                <td align="right">0.04</td>
              </tr>
              <tr>
                <td align="left">Total</td>
                <td align="right">29827</td>
                <td align="right">0.99</td>
              </tr>
            </tbody>
          </table>
        </table-wrap>
      </boxed-text>
    </fig>
    </sec>
    <sec specific-use="notebook-content">
    <code language="python">eu25games2019 |&gt;
  distinct(meta_pid, .keep_all = T) |&gt;
  tabyl(
    meta_country,
    q_gender
  ) |&gt;
  adorn_totals() |&gt;
  knitr::kable(
    col.names = c(&quot;Country&quot;, &quot;Male&quot;, &quot;Female&quot;, &quot;Other&quot;)
  )</code>
    <fig id="tbl-nresp-country-gender-nb-article">
      <caption><p>Table 2: Sample composition by country and gender.
      Numbers denote respondents.</p></caption>
      <boxed-text>
        <table-wrap>
          <table>
            <thead>
              <tr>
                <th align="left">Country</th>
                <th align="right">Male</th>
                <th align="right">Female</th>
                <th align="right">Other</th>
              </tr>
            </thead>
            <tbody>
              <tr>
                <td align="left">Austria</td>
                <td align="right">645</td>
                <td align="right">630</td>
                <td align="right">2</td>
              </tr>
              <tr>
                <td align="left">Belgium</td>
                <td align="right">729</td>
                <td align="right">574</td>
                <td align="right">2</td>
              </tr>
              <tr>
                <td align="left">Bulgaria</td>
                <td align="right">463</td>
                <td align="right">518</td>
                <td align="right">1</td>
              </tr>
              <tr>
                <td align="left">Croatia</td>
                <td align="right">545</td>
                <td align="right">694</td>
                <td align="right">1</td>
              </tr>
              <tr>
                <td align="left">Czech Republic</td>
                <td align="right">515</td>
                <td align="right">618</td>
                <td align="right">2</td>
              </tr>
              <tr>
                <td align="left">Denmark</td>
                <td align="right">690</td>
                <td align="right">508</td>
                <td align="right">2</td>
              </tr>
              <tr>
                <td align="left">Estonia</td>
                <td align="right">331</td>
                <td align="right">611</td>
                <td align="right">2</td>
              </tr>
              <tr>
                <td align="left">Finland</td>
                <td align="right">586</td>
                <td align="right">567</td>
                <td align="right">7</td>
              </tr>
              <tr>
                <td align="left">France</td>
                <td align="right">562</td>
                <td align="right">594</td>
                <td align="right">0</td>
              </tr>
              <tr>
                <td align="left">Germany</td>
                <td align="right">587</td>
                <td align="right">597</td>
                <td align="right">4</td>
              </tr>
              <tr>
                <td align="left">Greece</td>
                <td align="right">588</td>
                <td align="right">572</td>
                <td align="right">1</td>
              </tr>
              <tr>
                <td align="left">Hungary</td>
                <td align="right">493</td>
                <td align="right">492</td>
                <td align="right">1</td>
              </tr>
              <tr>
                <td align="left">Ireland</td>
                <td align="right">481</td>
                <td align="right">577</td>
                <td align="right">3</td>
              </tr>
              <tr>
                <td align="left">Italy</td>
                <td align="right">603</td>
                <td align="right">569</td>
                <td align="right">0</td>
              </tr>
              <tr>
                <td align="left">Latvia</td>
                <td align="right">415</td>
                <td align="right">733</td>
                <td align="right">0</td>
              </tr>
              <tr>
                <td align="left">Lithuania</td>
                <td align="right">462</td>
                <td align="right">803</td>
                <td align="right">0</td>
              </tr>
              <tr>
                <td align="left">Netherlands</td>
                <td align="right">642</td>
                <td align="right">577</td>
                <td align="right">2</td>
              </tr>
              <tr>
                <td align="left">Poland</td>
                <td align="right">540</td>
                <td align="right">658</td>
                <td align="right">0</td>
              </tr>
              <tr>
                <td align="left">Portugal</td>
                <td align="right">593</td>
                <td align="right">593</td>
                <td align="right">1</td>
              </tr>
              <tr>
                <td align="left">Romania</td>
                <td align="right">837</td>
                <td align="right">641</td>
                <td align="right">2</td>
              </tr>
              <tr>
                <td align="left">Slovakia</td>
                <td align="right">550</td>
                <td align="right">746</td>
                <td align="right">1</td>
              </tr>
              <tr>
                <td align="left">Slovenia</td>
                <td align="right">569</td>
                <td align="right">566</td>
                <td align="right">0</td>
              </tr>
              <tr>
                <td align="left">Spain</td>
                <td align="right">677</td>
                <td align="right">718</td>
                <td align="right">1</td>
              </tr>
              <tr>
                <td align="left">Sweden</td>
                <td align="right">648</td>
                <td align="right">602</td>
                <td align="right">4</td>
              </tr>
              <tr>
                <td align="left">United Kingdom</td>
                <td align="right">635</td>
                <td align="right">641</td>
                <td align="right">3</td>
              </tr>
              <tr>
                <td align="left">Total</td>
                <td align="right">14386</td>
                <td align="right">15399</td>
                <td align="right">42</td>
              </tr>
            </tbody>
          </table>
        </table-wrap>
      </boxed-text>
    </fig>
    </sec>
    <sec specific-use="notebook-content">
    <code language="python">eu25games2019 |&gt;
  distinct(meta_pid, .keep_all = TRUE) |&gt;
  group_by(meta_country) |&gt;
  summarise(
    `18-25` = sum(q_age &gt;= 18 &amp; q_age &lt;= 25, na.rm = T),
    `26-35` = sum(q_age &gt;= 26 &amp; q_age &lt;= 35, na.rm = T),
    `36-45` = sum(q_age &gt;= 36 &amp; q_age &lt;= 45, na.rm = T),
    `46-55` = sum(q_age &gt;= 46 &amp; q_age &lt;= 55, na.rm = T),
    `56-65` = sum(q_age &gt;= 56 &amp; q_age &lt;= 65, na.rm = T),
    `66-75` = sum(q_age &gt;= 66 &amp; q_age &lt;= 75, na.rm = T),
    `&gt;76` = sum(q_age &gt;= 76, na.rm = T)
  ) |&gt;
  adorn_totals() |&gt;
  knitr::kable(
    col.names = c(
      &quot;Country&quot;,
      &quot;18 to 25&quot;,
      &quot;26 to 35&quot;,
      &quot;36 to 45&quot;,
      &quot;46 to 55&quot;,
      &quot;56 to 65&quot;,
      &quot;66 to 75&quot;,
      &quot;&gt; 75&quot;
    )
  )</code>
    <fig id="tbl-nresp-country-agegroup-nb-article">
      <caption><p>Table 3: Sample composition by country and age group.
      Numbers denote respondents.</p></caption>
      <boxed-text>
        <table-wrap>
          <table>
            <colgroup>
              <col width="20%" />
              <col width="12%" />
              <col width="12%" />
              <col width="12%" />
              <col width="12%" />
              <col width="12%" />
              <col width="12%" />
              <col width="7%" />
            </colgroup>
            <thead>
              <tr>
                <th align="left">Country</th>
                <th>18 to 25</th>
                <th>26 to 35</th>
                <th>36 to 45</th>
                <th>46 to 55</th>
                <th>56 to 65</th>
                <th>66 to 75</th>
                <th align="right">&gt; 75</th>
              </tr>
            </thead>
            <tbody>
              <tr>
                <td align="left">Austria</td>
                <td>144</td>
                <td>177</td>
                <td>249</td>
                <td>263</td>
                <td>286</td>
                <td>142</td>
                <td align="right">0</td>
              </tr>
              <tr>
                <td align="left">Belgium</td>
                <td>197</td>
                <td>132</td>
                <td>160</td>
                <td>235</td>
                <td>333</td>
                <td>239</td>
                <td align="right">3</td>
              </tr>
              <tr>
                <td align="left">Bulgaria</td>
                <td>57</td>
                <td>195</td>
                <td>231</td>
                <td>250</td>
                <td>212</td>
                <td>33</td>
                <td align="right">0</td>
              </tr>
              <tr>
                <td align="left">Croatia</td>
                <td>119</td>
                <td>251</td>
                <td>272</td>
                <td>331</td>
                <td>205</td>
                <td>47</td>
                <td align="right">0</td>
              </tr>
              <tr>
                <td align="left">Czech Republic</td>
                <td>88</td>
                <td>187</td>
                <td>227</td>
                <td>219</td>
                <td>281</td>
                <td>126</td>
                <td align="right">0</td>
              </tr>
              <tr>
                <td align="left">Denmark</td>
                <td>132</td>
                <td>134</td>
                <td>139</td>
                <td>208</td>
                <td>321</td>
                <td>249</td>
                <td align="right">4</td>
              </tr>
              <tr>
                <td align="left">Estonia</td>
                <td>56</td>
                <td>168</td>
                <td>164</td>
                <td>283</td>
                <td>265</td>
                <td>7</td>
                <td align="right">0</td>
              </tr>
              <tr>
                <td align="left">Finland</td>
                <td>125</td>
                <td>178</td>
                <td>210</td>
                <td>242</td>
                <td>259</td>
                <td>137</td>
                <td align="right">1</td>
              </tr>
              <tr>
                <td align="left">France</td>
                <td>123</td>
                <td>176</td>
                <td>242</td>
                <td>267</td>
                <td>279</td>
                <td>51</td>
                <td align="right">0</td>
              </tr>
              <tr>
                <td align="left">Germany</td>
                <td>125</td>
                <td>184</td>
                <td>200</td>
                <td>240</td>
                <td>313</td>
                <td>117</td>
                <td align="right">0</td>
              </tr>
              <tr>
                <td align="left">Greece</td>
                <td>77</td>
                <td>202</td>
                <td>376</td>
                <td>318</td>
                <td>136</td>
                <td>34</td>
                <td align="right">0</td>
              </tr>
              <tr>
                <td align="left">Hungary</td>
                <td>51</td>
                <td>175</td>
                <td>196</td>
                <td>166</td>
                <td>273</td>
                <td>117</td>
                <td align="right">1</td>
              </tr>
              <tr>
                <td align="left">Ireland</td>
                <td>128</td>
                <td>216</td>
                <td>223</td>
                <td>187</td>
                <td>169</td>
                <td>120</td>
                <td align="right">0</td>
              </tr>
              <tr>
                <td align="left">Italy</td>
                <td>104</td>
                <td>196</td>
                <td>264</td>
                <td>195</td>
                <td>294</td>
                <td>98</td>
                <td align="right">2</td>
              </tr>
              <tr>
                <td align="left">Latvia</td>
                <td>78</td>
                <td>251</td>
                <td>231</td>
                <td>338</td>
                <td>239</td>
                <td>6</td>
                <td align="right">0</td>
              </tr>
              <tr>
                <td align="left">Lithuania</td>
                <td>223</td>
                <td>311</td>
                <td>257</td>
                <td>250</td>
                <td>212</td>
                <td>2</td>
                <td align="right">0</td>
              </tr>
              <tr>
                <td align="left">Netherlands</td>
                <td>149</td>
                <td>126</td>
                <td>161</td>
                <td>234</td>
                <td>340</td>
                <td>194</td>
                <td align="right">3</td>
              </tr>
              <tr>
                <td align="left">Poland</td>
                <td>200</td>
                <td>342</td>
                <td>222</td>
                <td>187</td>
                <td>196</td>
                <td>42</td>
                <td align="right">0</td>
              </tr>
              <tr>
                <td align="left">Portugal</td>
                <td>112</td>
                <td>260</td>
                <td>289</td>
                <td>231</td>
                <td>218</td>
                <td>67</td>
                <td align="right">1</td>
              </tr>
              <tr>
                <td align="left">Romania</td>
                <td>128</td>
                <td>339</td>
                <td>373</td>
                <td>347</td>
                <td>202</td>
                <td>65</td>
                <td align="right">0</td>
              </tr>
              <tr>
                <td align="left">Slovakia</td>
                <td>139</td>
                <td>223</td>
                <td>282</td>
                <td>290</td>
                <td>250</td>
                <td>108</td>
                <td align="right">1</td>
              </tr>
              <tr>
                <td align="left">Slovenia</td>
                <td>97</td>
                <td>186</td>
                <td>246</td>
                <td>284</td>
                <td>234</td>
                <td>72</td>
                <td align="right">0</td>
              </tr>
              <tr>
                <td align="left">Spain</td>
                <td>125</td>
                <td>293</td>
                <td>355</td>
                <td>305</td>
                <td>228</td>
                <td>66</td>
                <td align="right">1</td>
              </tr>
              <tr>
                <td align="left">Sweden</td>
                <td>124</td>
                <td>165</td>
                <td>156</td>
                <td>234</td>
                <td>297</td>
                <td>261</td>
                <td align="right">3</td>
              </tr>
              <tr>
                <td align="left">United Kingdom</td>
                <td>121</td>
                <td>184</td>
                <td>196</td>
                <td>234</td>
                <td>268</td>
                <td>250</td>
                <td align="right">1</td>
              </tr>
              <tr>
                <td align="left">Total</td>
                <td>3022</td>
                <td>5251</td>
                <td>5921</td>
                <td>6338</td>
                <td>6310</td>
                <td>2650</td>
                <td align="right">21</td>
              </tr>
            </tbody>
          </table>
        </table-wrap>
      </boxed-text>
    </fig>
    </sec>
  </sec>
  <sec id="experimental-setup-nb-article">
    <title>5.2 Experimental setup</title>
    <p>Before the behavioral games, Hahm, Hilpert, and König
    (<xref alt="2024" rid="ref-hahm2024divided-nb-article" ref-type="bibr">2024</xref>)
    presented respondents a short background information overview and
    instructions. For the dictator game, these were: <italic>This game
    is played by pairs of individuals.</italic> <italic>Each pair is
    made up of a Player 1 and a Player 2.</italic> <italic>Each player
    will have some information about the other player, but you will not
    be told who the other players are during or after the
    experiment.</italic> <italic>The game is conducted as follows: A sum
    of 10 tokens will be provisionally allocated to Player 1 at the
    start of each round.</italic> <italic>Player 1 will then decide how
    much of the 10 tokens to offer to Player 2.</italic> <italic>Player
    1 could give some, all, or none of the 10 tokens.</italic>
    <italic>Player 1 keeps all tokens not given to Player 2.</italic>
    <italic>Player 2 gets to keep all the tokens Player 1
    offers.</italic> <italic>You will play this game three times with
    three different people.</italic> In the trust game, the provided
    information and instruction were: <italic>This game is played by
    pairs of individuals.</italic> <italic>Each pair is made up of a
    Player 1 and a Player 2.</italic> <italic>Each player will have some
    information about the other player, but you will not be told who the
    other players are during or after the experiment.</italic>
    <italic>Each player will receive 10 tokens.</italic> <italic>Player
    1 then has the opportunity to give a portion of his or her 10 tokens
    to Player 2.</italic> <italic>Player 1 could give some, all, or none
    of the 10 tokens.</italic> <italic>Whatever amount Player 1 decides
    to give to Player 2 will be tripled before it is passed on to Player
    2.</italic> <italic>Player 2 then has the option of returning any
    portion of this tripled amount to Player 1.</italic> <italic>Then,
    the game is over.</italic> <italic>Player 1 receives whatever he or
    she keeps from the original 10 tokens, plus anything returned to him
    or her by Player 2. Player 2 receives their original 10 tokens, plus
    whatever he or she keeps after returning any portion of the tripled
    amount to Player 1.</italic> <italic>You will play this game three
    times, with three different people.</italic> <italic>The more tokens
    you obtain, the more successful you will be.</italic></p>
    <p>In both games respondents were shown a tabular overview of Player
    2 after the instructions.
    <xref alt="Figure 4" rid="fig-example-profile-nb-article">Figure 4</xref> shows
    an example of such a profile along with the interface respondents
    were provided to assign the 10 tokens. Each round, a new profile was
    displayed to respondents.</p>
    <fig id="fig-example-profile-nb-article">
      <caption><p>Figure 4: Example of potential co-player
      profile.</p></caption>
      <graphic mimetype="image" mime-subtype="png" xlink:href="images/cj-example-profile.png" />
    </fig>
  </sec>
  <sec id="distribution-of-y-nb-article">
    <title>5.3 Distribution of Y</title>
    <sec id="cell-fig-distr-y-nb-article" specific-use="notebook-content">
    <code language="python">summary_stats &lt;- df_modelvars %&gt;%
  group_by(meta_game_lab) %&gt;%
  summarise(
    mean_token = mean(cj_token, na.rm = TRUE),
    median_token = median(cj_token, na.rm = TRUE),
    sd_token = sd(cj_token, na.rm = TRUE)
  )


df_modelvars |&gt;
  select(cj_token, meta_game_lab) |&gt;
  ggplot(
    aes(x = log(cj_token + 1), fill = meta_game_lab)
  ) +
  geom_histogram(
    position = position_dodge(),
    color = &quot;black&quot;
  ) +
  # scale_x_continuous(
  #   breaks = 0:10,
  #   labels = 0:10
  # ) +
  scale_fill_manual(
    values = c(&quot;white&quot;, &quot;gray&quot;)
  ) +
  labs(
    x = &quot;Tokens allocated (Y)&quot;,
    y = &quot;N&quot;,
    fill = &quot;Conjoint Game&quot;
  ) +
  ggpubr::theme_pubr()</code>
    <boxed-text>
      <preformat>`stat_bin()` using `bins = 30`. Pick better value with `binwidth`.</preformat>
    </boxed-text>
    <boxed-text>
      <fig id="fig-distr-y-nb-article">
        <caption><p>Figure 5: Distribution of token allocation (Y) by
        game. Dictator game: <inline-formula><alternatives>
        <tex-math><![CDATA[Mean = 3.41]]></tex-math>
        <mml:math display="inline" xmlns:mml="http://www.w3.org/1998/Math/MathML"><mml:mrow><mml:mi>M</mml:mi><mml:mi>e</mml:mi><mml:mi>a</mml:mi><mml:mi>n</mml:mi><mml:mo>=</mml:mo><mml:mn>3.41</mml:mn></mml:mrow></mml:math></alternatives></inline-formula>,
        <inline-formula><alternatives>
        <tex-math><![CDATA[median = 4]]></tex-math>
        <mml:math display="inline" xmlns:mml="http://www.w3.org/1998/Math/MathML"><mml:mrow><mml:mi>m</mml:mi><mml:mi>e</mml:mi><mml:mi>d</mml:mi><mml:mi>i</mml:mi><mml:mi>a</mml:mi><mml:mi>n</mml:mi><mml:mo>=</mml:mo><mml:mn>4</mml:mn></mml:mrow></mml:math></alternatives></inline-formula>,
        <inline-formula><alternatives>
        <tex-math><![CDATA[SD = 2.35]]></tex-math>
        <mml:math display="inline" xmlns:mml="http://www.w3.org/1998/Math/MathML"><mml:mrow><mml:mi>S</mml:mi><mml:mi>D</mml:mi><mml:mo>=</mml:mo><mml:mn>2.35</mml:mn></mml:mrow></mml:math></alternatives></inline-formula>.
        Trust game: <inline-formula><alternatives>
        <tex-math><![CDATA[Mean = 3.48]]></tex-math>
        <mml:math display="inline" xmlns:mml="http://www.w3.org/1998/Math/MathML"><mml:mrow><mml:mi>M</mml:mi><mml:mi>e</mml:mi><mml:mi>a</mml:mi><mml:mi>n</mml:mi><mml:mo>=</mml:mo><mml:mn>3.48</mml:mn></mml:mrow></mml:math></alternatives></inline-formula>,
        <inline-formula><alternatives>
        <tex-math><![CDATA[median = 4]]></tex-math>
        <mml:math display="inline" xmlns:mml="http://www.w3.org/1998/Math/MathML"><mml:mrow><mml:mi>m</mml:mi><mml:mi>e</mml:mi><mml:mi>d</mml:mi><mml:mi>i</mml:mi><mml:mi>a</mml:mi><mml:mi>n</mml:mi><mml:mo>=</mml:mo><mml:mn>4</mml:mn></mml:mrow></mml:math></alternatives></inline-formula>,
        <inline-formula><alternatives>
        <tex-math><![CDATA[SD = 2.49]]></tex-math>
        <mml:math display="inline" xmlns:mml="http://www.w3.org/1998/Math/MathML"><mml:mrow><mml:mi>S</mml:mi><mml:mi>D</mml:mi><mml:mo>=</mml:mo><mml:mn>2.49</mml:mn></mml:mrow></mml:math></alternatives></inline-formula></p></caption>
        <graphic mimetype="image" mime-subtype="png" xlink:href="index_files/figure-jats/code-01_prep-02_descr_anal-fig-distr-y-output-2.png" />
      </fig>
    </boxed-text>
    </sec>
  </sec>
  <sec id="distribution-of-t-and-r-nb-article">
    <title>5.4 Distribution of T and R</title>
    <sec specific-use="notebook-content">
    <code language="python">df_modelvars |&gt;
  tabyl(der_partisan_type, der_partisan_relationship) |&gt;
  gt()</code>
    <fig id="tbl-t-r-distr-nb-article">
      <caption><p>Table 4</p></caption>
      <boxed-text>
        <table-wrap>
          <table>
            <thead>
              <tr>
                <th align="left">der_partisan_type</th>
                <th align="left">None</th>
                <th align="left">Co</th>
                <th align="left">Out</th>
              </tr>
            </thead>
            <tbody>
              <tr>
                <td align="left">0</td>
                <td align="left">5123</td>
                <td align="left">1948</td>
                <td align="left">18465</td>
              </tr>
              <tr>
                <td align="left">1</td>
                <td align="left">14898</td>
                <td align="left">30820</td>
                <td align="left">29366</td>
              </tr>
            </tbody>
          </table>
        </table-wrap>
      </boxed-text>
    </fig>
    </sec>
  </sec>
  <sec id="distribution-of-covariates-by-t-nb-article">
    <title>5.5 Distribution of Covariates by T</title>
    <sec specific-use="notebook-content">
    <code language="python">df_modelvars |&gt;
  select(
    der_partisan_type,
    ends_with(&quot;_z&quot;),
    q_religion_en,
    q_perc_class,
    q_rural_urban,
    q_gender
  ) |&gt;
  tbl_summary(
    by = der_partisan_type,
    missing = &quot;no&quot;,
    type = list(
      q_econ_nativism_z ~ &quot;continuous&quot;,
      q_cult_nativism_z ~ &quot;continuous&quot;,
      q_satis_demo_country_z ~ &quot;continuous&quot;,
      q_understand_nat_pol_z ~ &quot;continuous&quot;,
      q_understand_eu_pol_z ~ &quot;continuous&quot;,
      q_parties_harm_z ~ &quot;continuous&quot;,
      q_officials_talk_action_z ~ &quot;continuous&quot;,
      q_politics_good_evil_z ~ &quot;continuous&quot;,
      q_people_unaware_z ~ &quot;continuous&quot;,
      q_leaders_educated_z ~ &quot;continuous&quot;,
      q_expert_decisions_z ~ &quot;continuous&quot;,
      q_listen_other_groups_z ~ &quot;continuous&quot;,
      q_democracy_compromise_z ~ &quot;continuous&quot;,
      q_interest_pol_country_z ~ &quot;continuous&quot;,
      q_interest_pol_eu_z ~ &quot;continuous&quot;,
      q_eval_finance_household_z ~ &quot;continuous&quot;,
      q_eval_job_z ~ &quot;continuous&quot;,
      q_eval_econ_country_z ~ &quot;continuous&quot;,
      q_eval_econ_eur_z ~ &quot;continuous&quot;,
      q_risk_taking_z ~ &quot;continuous&quot;,
      q_future_discount_z ~ &quot;continuous&quot;
    )
  ) |&gt;
  modify_header(label = &quot;**Variable**&quot;) |&gt;
  as_gt() |&gt;
  tab_options(table.font.size = 10)</code>
    <fig id="tbl-covariate-distr-nb-article">
      <caption><p>Table 5</p></caption>
      <boxed-text>
        <table-wrap>
          <table>
            <colgroup>
              <col width="33%" />
              <col width="33%" />
              <col width="33%" />
            </colgroup>
            <thead>
              <tr>
                <th align="left"><bold>Variable</bold></th>
                <th align="left"><bold>0</bold><break/>N =
                25,536<named-content content-type="gt_footnote_marks"><sup>1</sup></named-content></th>
                <th align="left"><bold>1</bold><break/>N =
                75,084<named-content content-type="gt_footnote_marks"><sup>1</sup></named-content></th>
              </tr>
            </thead>
            <tbody>
              <tr>
                <td align="left">q_lrpos2_z</td>
                <td align="left">-0.08 (-0.45, 0.29)</td>
                <td align="left">-0.08 (-0.82, 0.66)</td>
              </tr>
              <tr>
                <td align="left">q_eupos2_z</td>
                <td align="left">0.08 (-0.68, 0.46)</td>
                <td align="left">0.08 (-0.68, 0.84)</td>
              </tr>
              <tr>
                <td align="left">q_econ_nativism_z</td>
                <td align="left">0.15 (-1.03, 0.74)</td>
                <td align="left">0.15 (-1.03, 0.74)</td>
              </tr>
              <tr>
                <td align="left">q_cult_nativism_z</td>
                <td align="left">0.07 (-1.03, 0.62)</td>
                <td align="left">0.07 (-1.03, 0.62)</td>
              </tr>
              <tr>
                <td align="left">q_satis_demo_country_z</td>
                <td align="left">0.30 (-0.81, 1.40)</td>
                <td align="left">0.30 (-0.81, 0.30)</td>
              </tr>
              <tr>
                <td align="left">q_understand_nat_pol_z</td>
                <td align="left">0.12 (-0.65, 0.12)</td>
                <td align="left">0.12 (-0.65, 0.90)</td>
              </tr>
              <tr>
                <td align="left">q_understand_eu_pol_z</td>
                <td align="left">0.22 (-0.50, 0.22)</td>
                <td align="left">0.22 (-0.50, 0.94)</td>
              </tr>
              <tr>
                <td align="left">q_parties_harm_z</td>
                <td align="left">0.25 (-0.38, 0.88)</td>
                <td align="left">0.25 (-0.38, 0.88)</td>
              </tr>
              <tr>
                <td align="left">q_officials_talk_action_z</td>
                <td align="left">0.41 (-0.33, 1.15)</td>
                <td align="left">0.41 (-0.33, 1.15)</td>
              </tr>
              <tr>
                <td align="left">q_politics_good_evil_z</td>
                <td align="left">-0.14 (-0.76, 0.48)</td>
                <td align="left">-0.14 (-0.76, 0.48)</td>
              </tr>
              <tr>
                <td align="left">q_people_unaware_z</td>
                <td align="left">0.40 (-0.81, 1.00)</td>
                <td align="left">-0.20 (-0.81, 1.00)</td>
              </tr>
              <tr>
                <td align="left">q_leaders_educated_z</td>
                <td align="left">0.39 (-0.32, 1.10)</td>
                <td align="left">0.39 (-1.03, 1.10)</td>
              </tr>
              <tr>
                <td align="left">q_expert_decisions_z</td>
                <td align="left">0.16 (-0.49, 0.80)</td>
                <td align="left">0.16 (-0.49, 0.80)</td>
              </tr>
              <tr>
                <td align="left">q_listen_other_groups_z</td>
                <td align="left">0.18 (-0.74, 1.10)</td>
                <td align="left">0.18 (-0.74, 1.10)</td>
              </tr>
              <tr>
                <td align="left">q_democracy_compromise_z</td>
                <td align="left">-0.29 (-0.29, 0.57)</td>
                <td align="left">-0.29 (-0.29, 0.57)</td>
              </tr>
              <tr>
                <td align="left">q_interest_pol_country_z</td>
                <td align="left">0.06 (-0.60, 0.72)</td>
                <td align="left">0.06 (-0.60, 0.72)</td>
              </tr>
              <tr>
                <td align="left">q_interest_pol_eu_z</td>
                <td align="left">-0.28 (-0.96, 0.39)</td>
                <td align="left">0.39 (-0.28, 1.06)</td>
              </tr>
              <tr>
                <td align="left">q_eval_finance_household_z</td>
                <td align="left">0.01 (-0.99, 1.00)</td>
                <td align="left">0.01 (-0.99, 1.00)</td>
              </tr>
              <tr>
                <td align="left">q_eval_job_z</td>
                <td align="left">0.11 (-0.80, 1.03)</td>
                <td align="left">0.11 (-0.80, 0.11)</td>
              </tr>
              <tr>
                <td align="left">q_eval_econ_country_z</td>
                <td align="left">-0.14 (-1.03, 0.76)</td>
                <td align="left">-0.14 (-1.03, 0.76)</td>
              </tr>
              <tr>
                <td align="left">q_eval_econ_eur_z</td>
                <td align="left">0.07 (-0.94, 1.09)</td>
                <td align="left">0.07 (-0.94, 1.09)</td>
              </tr>
              <tr>
                <td align="left">q_risk_taking_z</td>
                <td align="left">0.11 (-0.56, 0.78)</td>
                <td align="left">0.11 (-0.56, 0.78)</td>
              </tr>
              <tr>
                <td align="left">q_future_discount_z</td>
                <td align="left">-0.17 (-0.84, 0.50)</td>
                <td align="left">-0.17 (-0.84, 0.50)</td>
              </tr>
              <tr>
                <td align="left">q_edu_z</td>
                <td align="left">-0.08 (-0.73, 0.57)</td>
                <td align="left">-0.08 (-0.73, 0.57)</td>
              </tr>
              <tr>
                <td align="left">q_age_z</td>
                <td align="left">-0.11 (-0.92, 0.64)</td>
                <td align="left">0.09 (-0.79, 0.91)</td>
              </tr>
              <tr>
                <td align="left">q_religion_en</td>
                <td align="left"><break/></td>
                <td align="left"><break/></td>
              </tr>
              <tr>
                <td align="left">    catholic</td>
                <td align="left">8,606 (34%)</td>
                <td align="left">27,379 (36%)</td>
              </tr>
              <tr>
                <td align="left">    no religion</td>
                <td align="left">9,462 (37%)</td>
                <td align="left">25,678 (34%)</td>
              </tr>
              <tr>
                <td align="left">    protstnt</td>
                <td align="left">1,881 (7.4%)</td>
                <td align="left">7,570 (10%)</td>
              </tr>
              <tr>
                <td align="left">    other religion</td>
                <td align="left">5,470 (21%)</td>
                <td align="left">13,791 (18%)</td>
              </tr>
              <tr>
                <td align="left">    muslim</td>
                <td align="left">114 (0.4%)</td>
                <td align="left">664 (0.9%)</td>
              </tr>
              <tr>
                <td align="left">q_perc_class</td>
                <td align="left"><break/></td>
                <td align="left"><break/></td>
              </tr>
              <tr>
                <td align="left">    Working class</td>
                <td align="left">5,307 (22%)</td>
                <td align="left">15,198 (21%)</td>
              </tr>
              <tr>
                <td align="left">    Lower middle class</td>
                <td align="left">4,866 (20%)</td>
                <td align="left">13,924 (19%)</td>
              </tr>
              <tr>
                <td align="left">    Middle class</td>
                <td align="left">12,060 (49%)</td>
                <td align="left">35,019 (48%)</td>
              </tr>
              <tr>
                <td align="left">    Upper middle class</td>
                <td align="left">2,055 (8.4%)</td>
                <td align="left">7,622 (10%)</td>
              </tr>
              <tr>
                <td align="left">    Upper class</td>
                <td align="left">191 (0.8%)</td>
                <td align="left">1,310 (1.8%)</td>
              </tr>
              <tr>
                <td align="left">q_rural_urban</td>
                <td align="left"><break/></td>
                <td align="left"><break/></td>
              </tr>
              <tr>
                <td align="left">    Rural area or village</td>
                <td align="left">5,819 (23%)</td>
                <td align="left">17,093 (23%)</td>
              </tr>
              <tr>
                <td align="left">    Small or middle sized town</td>
                <td align="left">9,069 (36%)</td>
                <td align="left">28,418 (38%)</td>
              </tr>
              <tr>
                <td align="left">    Large town</td>
                <td align="left">10,573 (42%)</td>
                <td align="left">29,298 (39%)</td>
              </tr>
              <tr>
                <td align="left">q_gender</td>
                <td align="left"><break/></td>
                <td align="left"><break/></td>
              </tr>
              <tr>
                <td align="left">    Male</td>
                <td align="left">10,939 (43%)</td>
                <td align="left">39,456 (53%)</td>
              </tr>
              <tr>
                <td align="left">    Female</td>
                <td align="left">14,565 (57%)</td>
                <td align="left">35,514 (47%)</td>
              </tr>
              <tr>
                <td align="left">    Other</td>
                <td align="left">32 (0.1%)</td>
                <td align="left">114 (0.2%)</td>
              </tr>
              <tr>
                <td align="left"><named-content content-type="gt_footnote_marks"><sup>1</sup></named-content>
                Median (Q1, Q3); n (%)</td>
                <td align="left"></td>
                <td align="left"></td>
              </tr>
            </tbody>
          </table>
        </table-wrap>
      </boxed-text>
    </fig>
    </sec>
  </sec>
  <sec id="robustness-nb-article">
    <title>5.6 Robustness</title>
  </sec>
</sec>
<sec id="eidesstattliche-erklärung-statutory-declaration-nb-article">
  <title>Eidesstattliche Erklärung – Statutory Declaration</title>
  <p>Hiermit versichere ich, dass diese Arbeit von mir persönlich
  verfasst ist und dass ich keinerlei fremde Hilfe in Anspruch genommen
  habe. Ebenso versichere ich, dass diese Arbeit oder Teile daraus weder
  von mir selbst noch von anderen als Leistungsnachweise andernorts
  eingereicht wurden. Wörtliche oder sinngemäße Übernahmen aus anderen
  Schriften und Veröffentlichungen in gedruckter oder elektronischer
  Form sind gekennzeichnet. Sämtliche Sekundärliteratur und sonstige
  Quellen sind nachgewiesen und in der Bibliographie aufgeführt. Das
  Gleiche gilt für graphische Darstellungen und Bilder sowie für alle
  Internet-Quellen. Ich bin ferner damit einverstanden, dass meine
  Arbeit zum Zwecke eines Plagiatsabgleichs in elektronischer Form
  anonymisiert versendet und gespeichert werden kann. Mir ist bekannt,
  dass von der Korrektur der Arbeit abgesehen und die Prüfungsleistung
  mit „nicht ausreichend“ bewertet werden kann, wenn die Erklärung nicht
  erteilt wird.</p>
  <p>I hereby declare that the paper presented is my own work and that I
  have not called upon the help of a third party. In addition, I affirm
  that neither I nor anybody else has submitted this paper or parts of
  it to obtain credits elsewhere before. I have clearly marked and
  acknowledged all quotations or references that have been taken from
  the works of other. All secondary literature and other sources are
  marked and listed in the bibliography. The same applies to all charts,
  diagrams and illustrations as well as to all Internet sources.
  Moreover, I consent to my paper being electronically stores and sent
  anonymously in order to be checked for plagiarism. I am aware that the
  paper cannot be evaluated and may be graded “failed” (“nicht
  ausreichend”) if the declaration is not made.</p>
</sec>
</body>



<back>
<ref-list>
  <title></title>
  <ref id="ref-hahm2024divided-nb-article">
    <element-citation publication-type="article-journal">
      <person-group person-group-type="author">
        <name><surname>Hahm</surname><given-names>Hyeonho</given-names></name>
        <name><surname>Hilpert</surname><given-names>David</given-names></name>
        <name><surname>König</surname><given-names>Thomas</given-names></name>
      </person-group>
      <article-title>Divided we unite: The nature of partyism and the role of coalition partnership in europe</article-title>
      <source>American Political Science Review</source>
      <publisher-name>Cambridge University Press</publisher-name>
      <year iso-8601-date="2024">2024</year>
      <volume>118</volume>
      <issue>1</issue>
      <pub-id pub-id-type="doi">10.1017/S0003055423000266</pub-id>
      <fpage>69</fpage>
      <lpage>87</lpage>
    </element-citation>
  </ref>
</ref-list>
</back>


</sub-article>
<!-- (F2ED4C6E)[nb-1]:C:\R\research\CSAP\code\01_prep\01_wrangling.qmd -->
<!-- (F2ED4C6E)[nb-2]:C:\R\research\CSAP\code\01_prep\02_descr_anal.qmd -->

</article>