cntry,alliance_name,member_name,member_id
AT,Communist Party of Austria and Platform PLUS - Open List [og],Kommunistische Partei Österreichs,996
AT,EUROPA Jetzt – Initiative Johannes Voggenhuber[og],Liste Peter Pilz,6137
AT,KPÖ Plus [og],Kommunistische Partei Österreichs,996
AT,"KPÖ Plus – European Left, offene Liste[og]",Kommunistische Partei Österreichs,996
BE,Christen-Democratisch & Vlaams / Nieuw-Vlaams Alliantie,Christen-Democratisch en Vlaams,604
BE,Christen-Democratisch & Vlaams / Nieuw-Vlaams Alliantie,Nieuw-Vlaamse Alliantie,36
BE,Open VLD + Vivant [og],Partij voor Vrijheid en Vooruitgang — Open Vlaamse Liberalen en Democraten,49
BE,Open VLD + Vivant [og],Vivant,76
BE,Socialistische Partij Anders / Sociaal-Liberale Partij / Spirit,Sociaal-Liberale Partij,7015
BE,Socialistische Partij Anders / Sociaal-Liberale Partij / Spirit,Socialistische Partij Anders — Vooruit,1680
BG,Balgarski Naroden Sajuz,VMRO — Bulgarsko Natsionalno Dvizhenie,2056
BG,Balgarski Naroden Sajuz,Zemedelski Naroden Sǔyuz,747
BG,Demokratichna Bulgaria,Da Bulgaria,5861
BG,Demokratichna Bulgaria,Demokrati za Silna Balgarija,1195
BG,Grazhdani za Evropeisko Razvitie Balgariya - Sayuz na demokratichnite sili (GERB- SDS) [og],Grazhdani za evropeysko razvitie na Balgariya,760
BG,Grazhdani za Evropeisko Razvitie Balgariya - Sayuz na demokratichnite sili (GERB- SDS) [og],Sayuz na Demokratichni Sili,482
BG,Grazhdani za evropeysko razvitie na Balgariya – Sayuz na demokratichnite sili (GERB - SDS) [og],Grazhdani za evropeysko razvitie na Balgariya,760
BG,Grazhdani za evropeysko razvitie na Balgariya – Sayuz na demokratichnite sili (GERB - SDS) [og],Sayuz na Demokratichni Sili,482
BG,Koalicija za Balgarija — BSP za Bŭlgariya,Bălgarska Socialističeska Partija,757
BG,Koalitsiya ABV – Dvizhenie 21 [og],Alternativa za balgarsko vazrazhdane,3187
BG,Nova republika - DSB - Suyuz za Plovdiv - BDO [og],Demokrati za Silna Balgarija,1195
BG,Obedineni Demokratichni Sili,Sayuz na Demokratichni Sili,482
BG,Obedineni Patrioti,Natsionalen Sǎyuz Ataka,1793
BG,Obedineni Patrioti,Natzionalen Front za Spasenie na Bulgaria,2057
BG,Obedineni Patrioti,VMRO — Bulgarsko Natsionalno Dvizhenie,2056
BG,Prodalzhavame Promyanata – Demokratichna Balgariya (PP-DB) [og],Da Bulgaria,5861
BG,Prodalzhavame Promyanata – Demokratichna Balgariya (PP-DB) [og],Demokrati za Silna Balgarija,1195
BG,Prodalzhavame Promyanata – Demokratichna Balgariya (PP-DB) [og],Demokratichna Bulgaria,9083
BG,Prodalzhavame Promyanata – Demokratichna Balgariya (PP-DB) [og],Prodalzhavame promyanata,8994
BG,Prodalzhavame promyanata - Demokratichna Balgariya [og],Da Bulgaria,5861
BG,Prodalzhavame promyanata - Demokratichna Balgariya [og],Demokrati za Silna Balgarija,1195
BG,Prodalzhavame promyanata - Demokratichna Balgariya [og],Demokratichna Bulgaria,9083
BG,Prodalzhavame promyanata - Demokratichna Balgariya [og],Prodalzhavame promyanata,8994
BG,Reformatorski Blok,Demokrati za Silna Balgarija,1195
BG,Reformatorski Blok,Sayuz na Demokratichni Sili,482
BG,Sinyata koalitsia,Demokrati za Silna Balgarija,1195
BG,Sinyata koalitsia,Sayuz na Demokratichni Sili,482
BG,Демократична България (Да България! + Зелените + Демократи за силна България (ДСБ)) [og],Da Bulgaria,5861
BG,Демократична България (Да България! + Зелените + Демократи за силна България (ДСБ)) [og],Demokrati za Silna Balgarija,1195
CZ,"Koalice PirSTAN (Piráti, STAN) [og]",Ceska piratska strana,2047
CZ,"Koalice PirSTAN (Piráti, STAN) [og]",Starostové a nezávislí,1707
CZ,Koalice SPD + Trikolora [og],Svoboda a přímá demokracie,6125
CZ,"Koalice Stačilo (KSČM+ČSNS, SD-SN) [og]",Komunistická strana Cech a Moravy,1728
CZ,"Koalice Stačilo (KSČM+ČSNS, SD-SN) [og]",[ Liberální / Česká ] strana národně sociální,1813
CZ,Pirates and Mayors [og],Ceska piratska strana,2047
CZ,Pirates and Mayors [og],Starostové a nezávislí,1707
CZ,SPOLU (ODS+TOP 09+KDU-ČSL) [og],Křesťanská a demokratická unie / Československá strana lidová,676
CZ,SPOLU (ODS+TOP 09+KDU-ČSL) [og],Občanská demokratická strana,466
CZ,SPOLU (ODS+TOP 09+KDU-ČSL) [og],Tradice Odpovědnost Prosperita 09,223
CZ,"Svobodní, Liberland a Radostné Česko - ODEJDEME BEZ PLACENÍ [og]",Strana svobodných občanů,254
CZ,Together [og],Křesťanská a demokratická unie / Československá strana lidová,676
CZ,Together [og],Občanská demokratická strana,466
CZ,Together [og],Tradice Odpovědnost Prosperita 09,223
CZ,"ULD - Unie liberálních demokratů CZ (18), US-DEU (5), ODA (19) [only in v029 and v211 ] [og]",Občanská demokratická aliance,1008
CZ,"ULD - Unie liberálních demokratů CZ (18), US-DEU (5), ODA (19) [only in v029 and v211 ] [og]",Unie svobody,905
CZ,"ULD - Unie liberálních demokratů CZ (18), US-DEU (5), ODA (19) [only in v029 and v211 ] [og]",Unie svobody / Demokratická unie,104
CZ,Čtyřkoalice,Křesťanská a demokratická unie / Československá strana lidová,676
CZ,Čtyřkoalice,Občanská demokratická aliance,1008
CZ,Čtyřkoalice,Unie svobody,905
CZ,Čtyřkoalice,Unie svobody / Demokratická unie,104
DE,Christlich Demokratische Union / Christlich Soziale Union,Christlich Demokratische Union,1446
DE,Christlich Demokratische Union / Christlich Soziale Union,Christlich Soziale Union,1731
ES,A la valenciana,Coalició Compromís,5623
ES,A la valenciana,Izquierda Unida,8128
ES,A la valenciana,Podemos,3203
ES,Ahora Repúblicas (Esquerra Republicana de Catalunya (ERC) & EH Bildu & Bloque Nationalista Galego (BNG)) [og],Bloque Nacionalista Galego,1011
ES,Ahora Repúblicas (Esquerra Republicana de Catalunya (ERC) & EH Bildu & Bloque Nationalista Galego (BNG)) [og],Esquerra Republicana de Catalunya,848
ES,Ahora Repúblicas (Esquerra Republicana de Catalunya (ERC) & EH Bildu & Bloque Nationalista Galego (BNG)) [og],Euskal Herria Bildu / Reunir Euskal Herria,5668
ES,Ahora Repúblicas [og],Bloque Nacionalista Galego,1011
ES,Ahora Repúblicas [og],Esquerra Republicana de Catalunya,848
ES,Ahora Repúblicas [og],Euskal Herria Bildu / Reunir Euskal Herria,5668
ES,CEU Coalicion por Europa [og],Coalición Canaria,81
ES,CEU Coalicion por Europa [og],Coalición Canaria [og],
ES,CEU Coalicion por Europa [og],Convergència i Unió,139
ES,CEU Coalicion por Europa [og],Partido Nacionalista Vasco — Euzko Alderdi Jeltzalea,1637
ES,Coalición por una Europa Solidaria (CEUS (EAJ-PNV+CCa-PNC+CxG+El PI+DV+GBAI) [og],Coalición Canaria,81
ES,Coalición por una Europa Solidaria (CEUS (EAJ-PNV+CCa-PNC+CxG+El PI+DV+GBAI) [og],Coalición Canaria [og],
ES,Coalición por una Europa Solidaria (CEUS (EAJ-PNV+CCa-PNC+CxG+El PI+DV+GBAI) [og],Partido Nacionalista Vasco — Euzko Alderdi Jeltzalea,1637
ES,Coalición por una Europa Solidaria [og],Coalición Canaria,81
ES,Coalición por una Europa Solidaria [og],Coalición Canaria [og],
ES,Coalición por una Europa Solidaria [og],Partido Nacionalista Vasco — Euzko Alderdi Jeltzalea,1637
ES,Coalition for Europe (CiU (1724007) + EAJ-PNV (1724902) + CC (1724907) + others) [og],Coalición Canaria,81
ES,Coalition for Europe (CiU (1724007) + EAJ-PNV (1724902) + CC (1724907) + others) [og],Coalición Canaria [og],
ES,Coalition for Europe (CiU (1724007) + EAJ-PNV (1724902) + CC (1724907) + others) [og],Convergència i Unió,139
ES,Coalition for Europe (CiU (1724007) + EAJ-PNV (1724902) + CC (1724907) + others) [og],Partido Nacionalista Vasco — Euzko Alderdi Jeltzalea,1637
ES,Compromís per Europa/Compromiso por Europa (CPE) [og],Coalició Compromís,5623
ES,IU (Izquierda Unida) - IC-V (Iniciativa per Catalunya - Verds) [og],Iniciativa per Catalunya Verds,1260
ES,IU (Izquierda Unida) - IC-V (Iniciativa per Catalunya - Verds) [og],Izquierda Unida,8128
ES,IU (Izquierda Unida) / IC-V (Iniciativa per Catalunya – Verds) [og],Iniciativa per Catalunya Verds,1260
ES,IU (Izquierda Unida) / IC-V (Iniciativa per Catalunya – Verds) [og],Izquierda Unida,8128
ES,Junts per Catalunya — Partit Demòcrata Europeu Català,Partit Demòcrata Europeu Català,6027
ES,Left for The Right to Decide (Coalition ERC (1724905) + others) [og],Esquerra Republicana de Catalunya,848
ES,PP (Partido Popular) / UPN (Unión del Pueblo Navarro) [og],Alianza-Partido Popular / Partido Popular,441
ES,SUMAR [og],Coalició Compromís,5623
ES,SUMAR [og],Izquierda Unida,8128
ES,SUMAR [og],Más País,8395
ES,SUMAR [og],Podemos,3203
ES,Sumar [og],Coalició Compromís,5623
ES,Sumar [og],Izquierda Unida,8128
ES,Sumar [og],Más País,8395
ES,Sumar [og],Podemos,3203
ES,Unidas Podemos,Izquierda Unida,8128
ES,Unidas Podemos,Podemos,3203
FR,Alliance Rurale [og],Résistons !,9876
FR,"Ensemble ! (LREM, MODEM et Horizons) [og]","Agir, la droite constructive",9132
FR,"Ensemble ! (LREM, MODEM et Horizons) [og]",Horizons,9134
FR,"Ensemble ! (LREM, MODEM et Horizons) [og]",La République En Marche! / Renaissance,5857
FR,"Ensemble ! (LREM, MODEM et Horizons) [og]",Mouvement démocrate,496
FR,"Ensemble - Renaissance, Mouvement Démocrate (MoDem) [og]",Horizons,9134
FR,"Ensemble - Renaissance, Mouvement Démocrate (MoDem) [og]",La République En Marche! / Renaissance,5857
FR,"Ensemble - Renaissance, Mouvement Démocrate (MoDem) [og]",Mouvement démocrate,496
FR,"FN, MNR (Front national, Mouvement National Républicain) [og]",Front National / Rassemblement national,433
FR,"FN, MNR (Front national, Mouvement National Républicain) [og]",Mouvement national républicain,1634
FR,Front de Gauche,Parti communiste française,1251
FR,Front de Gauche,Parti de Gauche,8359
FR,"La liste Génération.s et Dème-Diem 25, menée par Benoît Hamon [og]","Génération.s, le mouvement",7342
FR,Les Républicains et l’UDI [og],Les Républicains,8168
FR,Les Républicains et l’UDI [og],Union des démocrates et indépendants,3229
FR,"MPF, RPF (Mouvement Pour la France / Rassemblement Pour la France [og]",Mouvement pour la France,364
FR,"MPF, RPF (Mouvement Pour la France / Rassemblement Pour la France [og]",RPF (Rassemblement du Peuple Français) [og],
FR,"NUPES (Nouvelle Union Populaire Ecologique et Sociale: FI, EELV, PCF, PS) [og]",Europe Écologie — Les Verts,5650
FR,"NUPES (Nouvelle Union Populaire Ecologique et Sociale: FI, EELV, PCF, PS) [og]","Génération.s, le mouvement",7342
FR,"NUPES (Nouvelle Union Populaire Ecologique et Sociale: FI, EELV, PCF, PS) [og]",La France Insoumise,5858
FR,"NUPES (Nouvelle Union Populaire Ecologique et Sociale: FI, EELV, PCF, PS) [og]",Les Verts,1108
FR,"NUPES (Nouvelle Union Populaire Ecologique et Sociale: FI, EELV, PCF, PS) [og]",Parti communiste française,1251
FR,"NUPES (Nouvelle Union Populaire Ecologique et Sociale: FI, EELV, PCF, PS) [og]",Parti socialiste,1478
FR,"NUPES - La France Insoumise (LFI), Parti Socialiste (PS), Europe Écologie Les Verts (EELV) [og]",Europe Écologie — Les Verts,5650
FR,"NUPES - La France Insoumise (LFI), Parti Socialiste (PS), Europe Écologie Les Verts (EELV) [og]","Génération.s, le mouvement",7342
FR,"NUPES - La France Insoumise (LFI), Parti Socialiste (PS), Europe Écologie Les Verts (EELV) [og]",La France Insoumise,5858
FR,"NUPES - La France Insoumise (LFI), Parti Socialiste (PS), Europe Écologie Les Verts (EELV) [og]",Les Verts,1108
FR,"NUPES - La France Insoumise (LFI), Parti Socialiste (PS), Europe Écologie Les Verts (EELV) [og]",Parti communiste française,1251
FR,"NUPES - La France Insoumise (LFI), Parti Socialiste (PS), Europe Écologie Les Verts (EELV) [og]",Parti socialiste,1478
FR,UMP + DVD [og],Union pour un mouvement populaire,1595
FR,UMP + DVD [og],divers droite,1776
FR,Union de la Droite et du Centre - Les Républicains et alliés [og],Les Républicains,8168
FR,Union de la Droite et du Centre - Les Républicains et alliés [og],Union des démocrates et indépendants,3229
FR,"l’Union pour la France (Debout la France, Les Patriotes et Génération Frexit) [og]",Debout la France,3207
GR,Democratic Coalition [og],Dimokratiki Aristera,1160
GR,Democratic Coalition [og],Panellinio Sosialistikó Kínima,1468
GR,Front of the Greek Anticapitalist Left - Workers Revolutionary Party [og],Antikapitalistiki Aristeri Synergasia gia tin Anatropi,95
GR,Kinima Allagis,Kinima Dimokraton Sosialiston,3212
GR,Kinima Allagis,Panellinio Sosialistikó Kínima,1468
GR,Olive Tree-Democratic Alignment (Coalition PASOK (1300313) + others) [og],Dimokratiki Aristera,1160
GR,Olive Tree-Democratic Alignment (Coalition PASOK (1300313) + others) [og],Panellinio Sosialistikó Kínima,1468
GR,Synaspismós Rizospastikís Aristerás,Synaspismós tīs Aristerás,516
GR,Δημοκρατική Συμπαράταξη (ΔΗΣΥ) [og],Dimokratiki Aristera,1160
GR,Δημοκρατική Συμπαράταξη (ΔΗΣΥ) [og],Panellinio Sosialistikó Kínima,1468
HR,Amsterdam Coalition [og],Građansko-liberalni savez,8178
HR,Amsterdam Coalition [og],Istarski demokratski sabor,513
HR,BRUNA ESIH - ZLATKO HASANBEGOVIĆ: NEOVISNI ZA HRVATSKU + HRVATSKA STRANKA PRAV [og],Croatian Party of Rights [og],
HR,BRUNA ESIH - ZLATKO HASANBEGOVIĆ: NEOVISNI ZA HRVATSKU + HRVATSKA STRANKA PRAV [og],Hrvatska stranka prava,1128
HR,BRUNA ESIH - ZLATKO HASANBEGOVIĆ: NEOVISNI ZA HRVATSKU + HRVATSKA STRANKA PRAV [og],Neovisni za Hrvatsku,7422
HR,Bandić Milan 365 i koalicijski partneri [og],Bandić Milan 365 — Stranka rada i solidarnosti,5452
HR,Coalition HDZ (1191511) + HSP AS (1191613)+HSS (1191810)+others [og],Croatian Party of Rights [og],
HR,Coalition HDZ (1191511) + HSP AS (1191613)+HSS (1191810)+others [og],Hrvatska demokratska zajednica,1431
HR,Coalition HDZ (1191511) + HSP AS (1191613)+HSS (1191810)+others [og],Hrvatska seljačka stranka,72
HR,Coalition HDZ (1191511) + HSP AS (1191613)+HSS (1191810)+others [og],Hrvatska socijalno liberalna stranka,214
HR,Coalition NF + HSLS (1191410)  + PGS + RI [og],Hrvatska socijalno liberalna stranka,214
HR,Coalition of the Croatian Peasant Party and the Croatian Social Liberal Party [og],Hrvatska seljačka stranka,72
HR,Coalition of the Croatian Peasant Party and the Croatian Social Liberal Party [og],Hrvatska socijalno liberalna stranka,214
HR,"DP Miroslava Škore, Hrvatski suverenisti, Blok za Hrvatsku, HKS, Hrast, SU, Zelena Lista [og]",Domovinski pokret,8981
HR,"DP, HS, Blok za Hrvatsku, HKS, Hrast [og]",Domovinski pokret,8981
HR,"HDZ, HSLS [og]",Hrvatska demokratska zajednica,1431
HR,"HDZ, HSLS [og]",Hrvatska socijalno liberalna stranka,214
HR,Hrvatska stranka prava (HSP) i koalicijski partneri [og],Croatian Party of Rights [og],
HR,Hrvatska stranka prava (HSP) i koalicijski partneri [og],Hrvatska stranka prava,1128
HR,"Koalicija IDS, PGS, LRI [og]",Istarski demokratski sabor,513
HR,Koalicija Pametno i Za grad [og],Pametno,7336
HR,"Koalicija Živi zid, Promijenimo Hrvatsku, Abeceda, HDSS [og]",Živi zid,4867
HR,Kukuriku koalicija,Hrvatska narodna stranka — Liberalni Demokrati,799
HR,Kukuriku koalicija,Hrvatska stranka umirovljenika,2062
HR,Kukuriku koalicija,Istarski demokratski sabor,513
HR,Kukuriku koalicija,Socijaldemokratska partija Hrvatske,1475
HR,"Možemo! - politička platforma, Zageb je naš, NL, RF, ORAH, Za Grad [og]",Možemo! – politička platforma,8980
HR,"Možemo, Zagreb je naš, NLJ, RF, Orah [og]",Možemo! – politička platforma,8980
HR,"Narodna stranka - Reformisti - Hrvatska seljačka stranka braće Radić, Stranka hrvatskih umirovljenika [og]",Narodna stranka — Reformisti,4866
HR,PAMETNO + UNIJA KVARNERA [og],Pametno,7336
HR,"Restart koalicija – SDP, HSS, HSU, SNAGA, GLAS, IDS, PGS [og]",Građansko-liberalni savez,8178
HR,"Restart koalicija – SDP, HSS, HSU, SNAGA, GLAS, IDS, PGS [og]",Hrvatska seljačka stranka,72
HR,"Restart koalicija – SDP, HSS, HSU, SNAGA, GLAS, IDS, PGS [og]",Hrvatska stranka umirovljenika,2062
HR,"Restart koalicija – SDP, HSS, HSU, SNAGA, GLAS, IDS, PGS [og]",Istarski demokratski sabor,513
HR,"Restart koalicija – SDP, HSS, HSU, SNAGA, GLAS, IDS, PGS [og]",Socijaldemokratska partija Hrvatske,1475
HR,"SDP, HSS, HSU [og]",Hrvatska seljačka stranka,72
HR,"SDP, HSS, HSU [og]",Hrvatska stranka umirovljenika,2062
HR,"SDP, HSS, HSU [og]",Socijaldemokratska partija Hrvatske,1475
HR,"SiP, Pametno, Fokus [og]",Pametno,7336
HU,Alliance for Hungary - Center Party [og],Centrumpárt,1779
HU,Egységben Magyarországért [og],Demokratikus Koalíció,469
HU,Egységben Magyarországért [og],Jobbik Magyarországért Mozgalom,42
HU,Egységben Magyarországért [og],Lehet Más a Politika — LMP – Magyarország Zöld Pártja,1650
HU,Egységben Magyarországért [og],Magyar Szocialista Párt,1408
HU,Egységben Magyarországért [og],Momentum Mozgalom,8249
HU,Egységben Magyarországért [og],Párbeszéd Magyarországért,3115
HU,Ellenzéki Összefogás (DK-JOBBIK-LMP-MOMENTUM-MSZP-LMP-PÁRBESZÉD) [og],Demokratikus Koalíció,469
HU,Ellenzéki Összefogás (DK-JOBBIK-LMP-MOMENTUM-MSZP-LMP-PÁRBESZÉD) [og],Jobbik Magyarországért Mozgalom,42
HU,Ellenzéki Összefogás (DK-JOBBIK-LMP-MOMENTUM-MSZP-LMP-PÁRBESZÉD) [og],Lehet Más a Politika — LMP – Magyarország Zöld Pártja,1650
HU,Ellenzéki Összefogás (DK-JOBBIK-LMP-MOMENTUM-MSZP-LMP-PÁRBESZÉD) [og],Magyar Szocialista Párt,1408
HU,Ellenzéki Összefogás (DK-JOBBIK-LMP-MOMENTUM-MSZP-LMP-PÁRBESZÉD) [og],Momentum Mozgalom,8249
HU,Ellenzéki Összefogás (DK-JOBBIK-LMP-MOMENTUM-MSZP-LMP-PÁRBESZÉD) [og],Párbeszéd Magyarországért,3115
HU,Fidesz — KDNP pártszövetség / Magyar Szolidaritás Szövetsége,Fidesz — Magyar Polgári Szövetség,1691
HU,Fidesz — KDNP pártszövetség / Magyar Szolidaritás Szövetsége,Kereszténydemokrata Néppárt,1412
HU,Fidesz — Magyar Demokrata Fórum,Fidesz — Magyar Polgári Szövetség,1691
HU,Fidesz — Magyar Demokrata Fórum,Magyar Demokrata Fórum,1697
HU,Hungarian Socialist Party-Dialogue for Hungary [og],Magyar Szocialista Párt,1408
HU,Hungarian Socialist Party-Dialogue for Hungary [og],Párbeszéd Magyarországért,3115
HU,MIÉP — Jobbik a Harmadik Út pártszövetség,Jobbik Magyarországért Mozgalom,42
HU,MIÉP — Jobbik a Harmadik Út pártszövetség,Magyar Igazság és Élet Pártja,1597
HU,Magyar Szocialista Párt - Párbeszéd (MSZP-P) [og],Magyar Szocialista Párt,1408
HU,Magyar Szocialista Párt - Párbeszéd (MSZP-P) [og],Párbeszéd Magyarországért,3115
HU,Together 2014 - Dialogue for Hungary [og],Együtt — A Korszakváltók Pártja,2458
HU,Together 2014 - Dialogue for Hungary [og],Párbeszéd Magyarországért,3115
HU,Összefogás,Demokratikus Koalíció,469
HU,Összefogás,Együtt — A Korszakváltók Pártja,2458
HU,Összefogás,Magyar Szocialista Párt,1408
HU,Összefogás,Párbeszéd Magyarországért,3115
IE,Solidarity — People Before Profit,Anti-Austerity Alliance / Solidarity,8242
IE,Solidarity — People Before Profit,People Before Profit Alliance,242
IE,United Left Alliance,People Before Profit Alliance,242
IE,United Left Alliance,Páirtí Sóisialach,1448
IT,Alleanza Verdi e Sinistra [og],Europa Verde,9110
IT,Alleanza Verdi e Sinistra [og],Federazione dei Verdi,851
IT,Alleanza Verdi e Sinistra [og],Sinistra Italiana,1212
IT,Azione - Italia Viva [og],Azione,9082
IT,Azione - Italia Viva [og],Italia Viva,8641
IT,Casa delle Libertà,Alleanza Nazionale,813
IT,Casa delle Libertà,Centro Cristiano Democratico,1767
IT,Casa delle Libertà,Centro Cristiano Democratico  / Cristiani Democratici Uniti (Biancofiore),962
IT,Casa delle Libertà,Forza Italia,1626
IT,Casa delle Libertà,Lega Nord,1221
IT,Casa delle Libertà,Nuovo Partito Socialisti Italiani,888
IT,Casa delle Libertà,Unione dei Democratici Cristiani e Democratici di Centro,1758
IT,Centro Cristiano Democratico  / Cristiani Democratici Uniti (Biancofiore),Centro Cristiano Democratico,1767
IT,Coalition NCD (1380633) + UDC (1380633) + PPI [og],Unione dei Democratici Cristiani e Democratici di Centro,1758
IT,Il Girasole,Federazione dei Verdi,851
IT,Il Girasole,Socialisti Democratici Italiani,750
IT,Il Popolo della Libertà,Alleanza Nazionale,813
IT,Il Popolo della Libertà,Forza Italia,1626
IT,L'Ulivo,Democratici di Sinistra,878
IT,L'Ulivo,Democrazia è Libertà — La Margherita,279
IT,L'Unione,Democratici di Sinistra,878
IT,L'Unione,Democrazia è Libertà — La Margherita,279
IT,L'Unione,Federazione dei Verdi,851
IT,L'Unione,L'Ulivo,1737
IT,L'Unione,Lista di Pietro — Italia del Valori,768
IT,L'Unione,Partito dei Comunisti Italiani,1635
IT,L'Unione,Partito della Rifondazione Comunista,1404
IT,L'Unione,Radicali Italiani,8248
IT,L'Unione,Socialisti Democratici Italiani,750
IT,L'Unione,Unione Democratici per l'Europa,115
IT,Liberi e Uguali,Articolo Uno,8361
IT,Liberi e Uguali,Sinistra Italiana,1212
IT,Noi con l'Italia - UDC [og],Unione dei Democratici Cristiani e Democratici di Centro,1758
IT,"Partito della Rifondazione Comunista, PdCI-PRC-S2000-CU [og]",Partito dei Comunisti Italiani,1635
IT,"Partito della Rifondazione Comunista, PdCI-PRC-S2000-CU [og]",Partito della Rifondazione Comunista,1404
IT,Sinistra (Rifondazione) [og],Partito della Rifondazione Comunista,1404
IT,Sinistra (Rifondazione) [og],Sinistra Italiana,1212
IT,Sinistra Arcobaleno [og],Federazione dei Verdi,851
IT,Sinistra Arcobaleno [og],Partito dei Comunisti Italiani,1635
IT,Sinistra Arcobaleno [og],Partito della Rifondazione Comunista,1404
IT,Stati Uniti d'Europa [og],Italia Viva,8641
IT,Stati Uniti d'Europa [og],Partito Socialista [og],
IT,Stati Uniti d'Europa [og],Più Europa,6155
IT,Stati Uniti d'Europa [og],Radicali Italiani,8248
LT,Anti-Corruption Coalition [og],Lietuvos Centro Partija,5455
LT,"Anti-corruption coalition of K. Krivickas and N. Puteikis (Lithuanian Centre Party, Lithuanian Pensioners' Party) (APKK) [og]",Lietuvos Centro Partija,5455
LT,"Antikorupcinė N. Puteikio ir K. Krivicko koalicija (Lietuvos centro partija, Li [og]",Lietuvos Centro Partija,5455
LT,Coalition of LLRA and LRS [og],Lietuvos lenkų rinkimų akcija,556
LT,Koalicija Darbo partija + Jaunimas,Darbo Partija,102
LT,"Taikos koalicija (Lietuvos krikščioniškosios demokratijos partija, Žemaičių partija) [og]",Žemaičių partija,1291
LT,"„Valdemaro Tomaševskio blokas"" – Krikščioniškų šeimų sąjungos ir Rus [og]",Lietuvos lenkų rinkimų akcija,556
LV,Attīstībai/Par!,Kustība Par!,7863
LV,Attīstībai/Par!,Latvijas attīstībai,3213
LV,Jaunā Vienotība,Vienotība,852
LV,LSDSP/KDS/GKL [og],Kristīgi demokrātiskā savienība,304
LV,Latvijas Pirmā partija / Latvijas Ceļš,Latvijas Ceļš,1043
LV,Latvijas Pirmā partija / Latvijas Ceļš,Latvijas Pirmā partija,1778
LV,Nacionālā apvienība,Tēvzemei un Brīvībai / LNNK,1704
LV,Nacionālā apvienība,Visu Latvijai!,506
LV,Par Labu Latviju!,Latvijas Ceļš,1043
LV,Par Labu Latviju!,Latvijas Pirmā partija,1778
LV,Par Labu Latviju!,Latvijas Pirmā partija / Latvijas Ceļš,461
LV,Par Labu Latviju!,Tautas Partija,1755
LV,Saskaņas Centrs,"Sociāldemokrātiskā Partija ""Saskaņa""",5976
LV,Vienotība,Jaunais Laiks,1531
LV,Vienotība,Pilsoniskā savienība,415
NL,ChristenUnie — Staatkundig Gereformeerde Partij,ChristenUnie,1459
NL,ChristenUnie — Staatkundig Gereformeerde Partij,Staatkundig Gereformeerde Partij,1178
NL,"Coalition GL - PvdA (GroenLinks,PvdA) [og]",GroenLinks,1537
NL,"Coalition GL - PvdA (GroenLinks,PvdA) [og]",Partij van de Arbeid,1234
NL,"Coalition GL - PvdA (GroenLinks,PvdA) [og]",Partij van de Arbeid (PvdA)/Europese Sociaaldemocraten [og],
PL,Akcja Wyborcza Solidarność Prawicy,Zjednoczenie Chrześcijańsko-Narodowe,70
PL,Europa Plus Social Movement [og],Ruch Palikota / Twój Ruch,731
PL,Europa Plus Social Movement [og],Socjaldemokracja Polska,1328
PL,Koalicja Europejska PO PSL SLD .N Zieloni (KE ) [og],Nowoczesna,4630
PL,Koalicja Europejska PO PSL SLD .N Zieloni (KE ) [og],Platforma Obywatelska,1117
PL,Koalicja Europejska PO PSL SLD .N Zieloni (KE ) [og],Polskie Stronnictwo Ludowe,6757
PL,Koalicja Europejska PO PSL SLD .N Zieloni (KE ) [og],Sojusz Lewicy Demokratycznej,57
PL,Koalicja Obywatelska,Nowoczesna,4630
PL,Koalicja Obywatelska,Platforma Obywatelska,1117
PL,Koalicyjny Komitet Wyborczy Porozumienie dla Przyszłości - CentroLewica (PD+SDPL+Zieloni 2004) [og],Socjaldemokracja Polska,1328
PL,Konfederacja Wolność i Niepodległość,Koalicja Odnowy Rzeczypospolitej Wolność i Nadzieja KORWiN,4629
PL,Konfederacja Wolność i Niepodległość,Ruch Narodowy,3224
PL,Lewica [og],Nowa Lewica,9349
PL,Lewica [og],"Polska Partia Socjalistyczna, PPS [og]",
PL,Lewica [og],Sojusz Lewicy Demokratycznej,57
PL,Lewica [og],Spring,
PL,Lewica [og],Wiosna,7356
PL,Lewica [og],[Lewica] Razem,4871
PL,Lewica i Demokraci,Socjaldemokracja Polska,1328
PL,Lewica i Demokraci,Sojusz Lewicy Demokratycznej,57
PL,Lewica i Demokraci,Unia Pracy,1104
PL,Nowa Lewica,"Polska Partia Socjalistyczna, PPS [og]",
PL,Nowa Lewica,Sojusz Lewicy Demokratycznej,57
PL,Nowa Lewica,Spring,
PL,Nowa Lewica,Wiosna,7356
PL,Nowa Lewica,[Lewica] Razem,4871
PL,Ogólnopolska Koalicja Obywatelska [og],Nowoczesna,4630
PL,Ogólnopolska Koalicja Obywatelska [og],Platforma Obywatelska,1117
PL,Senate 2001 coalition [og],Akcja Wyborcza Solidarność Prawicy,863
PL,Senate 2001 coalition [og],Platforma Obywatelska,1117
PL,Senate 2001 coalition [og],Prawo i Sprawiedliwość,1565
PL,Senate 2001 coalition [og],Unia Wolności,8268
PL,Sojusz Lewicy Demokratycznej,Socjaldemokracja Rzeczypospolitej Polskiej,8224
PL,Sojusz Lewicy Demokratycznej — Unia Pracy,Sojusz Lewicy Demokratycznej,57
PL,Sojusz Lewicy Demokratycznej — Unia Pracy,Unia Pracy,1104
PL,The Left [og],Nowa Lewica,9349
PL,The Left [og],"Polska Partia Socjalistyczna, PPS [og]",
PL,The Left [og],Sojusz Lewicy Demokratycznej,57
PL,The Left [og],Spring,
PL,The Left [og],Wiosna,7356
PL,The Left [og],[Lewica] Razem,4871
PL,Trzecia Droga [og],Polska 2050,9027
PL,Trzecia Droga [og],Polskie Stronnictwo Ludowe,6757
PL,United Right [og],Prawo i Sprawiedliwość,1565
PL,United Right [og],Solidarna Polska,328
PL,United Right [og],United Poland,
PL,Zjednoczona Lewica,"Polska Partia Socjalistyczna, PPS [og]",
PL,Zjednoczona Lewica,Ruch Palikota / Twój Ruch,731
PL,Zjednoczona Lewica,Sojusz Lewicy Demokratycznej,57
PL,Zjednoczona Lewica,Unia Pracy,1104
PT,Aliança Democrática,Centro Democrático e Social / Partido Popular,1308
PT,Aliança Democrática,Partido Popular Democrático / Partido Social Democrata,1359
PT,Coligação Democrática Unitária,Partido Comunista Português,310
PT,Coligação Democrática Unitária,Partido Ecologista — Os Verdes,886
PT,"Coligação: PSD (6), CDS - PP (2), Força Portugal [only in v112] [og]",Centro Democrático e Social / Partido Popular,1308
PT,"Coligação: PSD (6), CDS - PP (2), Força Portugal [only in v112] [og]",Partido Popular Democrático / Partido Social Democrata,1359
PT,Numa coligação PSD/CDS [only in v114] [og],Centro Democrático e Social / Partido Popular,1308
PT,Numa coligação PSD/CDS [only in v114] [og],Partido Popular Democrático / Partido Social Democrata,1359
PT,Portugal à Frente,Centro Democrático e Social / Partido Popular,1308
PT,Portugal à Frente,Partido Popular Democrático / Partido Social Democrata,1359
RO,Alianţa Dreptate şi Adevăr,Partidul Democrat,1715
RO,Alianţa Dreptate şi Adevăr,Partidul Naţional Liberal,481
RO,Alianţa România Dreaptă,Partidul Democrat-Liberal,660
RO,Alianţa România Dreaptă,Partidul Naţional Ţărănesc Creştin Democrat,1750
RO,Alianța 2020 USR PLUS (2020 USR PLUS) [og],"Partidul Libertate, Unitate și Solidaritate (PLUS) [og]",
RO,Alianța 2020 USR PLUS (2020 USR PLUS) [og],Partidul Libertății Unității și Solidarității (PLUS) [og],
RO,Alianța 2020 USR PLUS (2020 USR PLUS) [og],Uniunea Salvați România,5969
RO,Alianța Dreapta Unită [og],Partidul Mișcarea Populară,3210
RO,Alianța Dreapta Unită [og],Uniunea Salvați România,5969
RO,Alianța Electorală PSD-PNL [og],Partidul Naţional Liberal,481
RO,Alianța Electorală PSD-PNL [og],Partidul Social Democrat,2555
RO,Alianța PSD+PC,Partidul Conservator / Partidul Umanist Român,1443
RO,Alianța PSD+PC,Partidul Social Democrat,2555
RO,Alianța USR-PLUS [og],"Partidul Libertate, Unitate și Solidaritate (PLUS) [og]",
RO,Alianța USR-PLUS [og],Partidul Libertății Unității și Solidarității (PLUS) [og],
RO,Alianța USR-PLUS [og],Uniunea Salvați România,5969
RO,Christian-Liberal Alliance [og],Partidul Democrat-Liberal,660
RO,Christian-Liberal Alliance [og],Partidul Naţional Liberal,481
RO,Convenţia Democrată Română,Partidul Alianţa Civică,645
RO,Convenţia Democrată Română,Partidul Naţional Liberal,481
RO,Convenţia Democrată Română,Partidul Naţional Ţărănesc Creştin Democrat,1750
RO,Electoral Alliance PSD (1642300) + UNPR + PC (1642600) [og],Partidul Conservator / Partidul Umanist Român,1443
RO,Electoral Alliance PSD (1642300) + UNPR + PC (1642600) [og],Partidul Social Democrat,2555
RO,PSD-UNPR-PC Electoral Alliance [og],Partidul Conservator / Partidul Umanist Român,1443
RO,PSD-UNPR-PC Electoral Alliance [og],Partidul Social Democrat,2555
RO,PSD-UNPR-PC Electoral Alliance [og],Partidul Social Democrat Român,1034
RO,Uniunea Naţională PSD+PUR,Partidul Conservator / Partidul Umanist Român,1443
RO,Uniunea Naţională PSD+PUR,Partidul Social Democrat,2555
RO,Uniunea Social Liberală,Partidul Conservator / Partidul Umanist Român,1443
RO,Uniunea Social Liberală,Partidul Naţional Liberal,481
RO,Uniunea Social Liberală,Partidul Social Democrat,2555
SI,Coalition New Slovenia + Slovenian People's Party (NSi (1705522) + SLS (1705521)) [og],Nova Slovenija — Krščanska ljudska stranka,1618
SI,Coalition New Slovenia + Slovenian People's Party (NSi (1705522) + SLS (1705521)) [og],Slovenska ljudska stranka,6740
SI,LDS (2) + DESUS (1) [only in v112] [og],Demokratična stranka upokojencev Slovenije,467
SI,LDS (2) + DESUS (1) [only in v112] [og],Liberalna demokracija Slovenije,975
SI,Slovenska demokratska stranka + Slovenska ljudska stranka [og],Slovenska demokratska stranka,472
SI,Slovenska demokratska stranka + Slovenska ljudska stranka [og],Slovenska ljudska stranka,6740
SI,Slovenska demokratska stranka in Slovenska ljudska stranka(SDS+SLS) [og],Slovenska demokratska stranka,472
SI,Slovenska demokratska stranka in Slovenska ljudska stranka(SDS+SLS) [og],Slovenska ljudska stranka,6740
SK,Hungarian Community Togetherness [og],Strana maďarskej koalície / Strana maďarskej komunity,349
SK,"Koalícia Komunistická Strana Slovenska, Vzdor - Strana Práce [og]",Komunistická strana Slovenska,6798
SK,"Koalícia Komunistická Strana Slovenska, Vzdor - Strana Práce [og]",VZDOR - strana práce [og],
SK,Obyčajní Ľudia a Nezávislé Osobnosti,Nová väčšina,6686
SK,Obyčajní Ľudia a Nezávislé Osobnosti,Za ľudí,8394
SK,Pogresívne Slovensko - Spolu [og],Progresívne Slovensko,7361
SK,Pogresívne Slovensko - Spolu [og],Spolu — občianska demokracia,8177
SK,Progresivne Slovensko-SPOLU [og],Progresívne Slovensko,7361
SK,Progresivne Slovensko-SPOLU [og],Spolu — občianska demokracia,8177
SK,Progressive Slovakia - TOGETHER-Civic Democracy [og],Progresívne Slovensko,7361
SK,Progressive Slovakia - TOGETHER-Civic Democracy [og],Spolu — občianska demokracia,8177
SK,Progressive Slovakia and Together - Civic Democracy [og],Progresívne Slovensko,7361
SK,Progressive Slovakia and Together - Civic Democracy [og],Spolu — občianska demokracia,8177
SK,Progresívne Slovensko/ SPOLU [og],Progresívne Slovensko,7361
SK,Progresívne Slovensko/ SPOLU [og],Spolu — občianska demokracia,8177
SK,SNS (Slovenská národná strana) / Pravá SNS [og],Slovenská národná strana,730
SK,hungarian community togetherness [og],Strana maďarskej koalície / Strana maďarskej komunity,349
