cntry,predecessor,predecessor_id,successor,successor_id,year
BE,Christelijke Volkspartij,622,Christen-Democratisch en Vlaams,604,2001
BE,Vlaams Blok / Belang,553,Vlaams Belang,1968,2004
ES,Convergència Democràtica de Catalunya,4795,Partit Demòcrata Europeu Català,6027,2016
FR,Les Verts,1108,Europe Écologie — Les Verts,5650,2010
FR,Union pour la démocratie française,213,Mouvement démocrate,496,2007
FR,Union pour un mouvement populaire,1595,Les Républicains,8168,2015
IT,Federazione dei Verdi,851,Europa Verde,9110,2021
IT,Forza Italia,1626,Forza Italia (2013),8058,2013
IT,Il Popolo della Libertà,365,Forza Italia (2013),8058,2013
PL,Sojusz Lewicy Demokratycznej,57,Nowa Lewica,9349,2021
PL,Unia Wolności,8268,Partia Demokratyczna,1566,2005
AT,Liberales Forum,605,NEOS — Das Neue Österreich,1970,2014
BE,Parti Réformateur Libéral - Front Démocratique des Francophones,8259,Mouvement Réformateur,789,2002
BE,Parti Réformateur Libéral,554,Mouvement Réformateur,789,2002
CZ,Demokratická unie,1171,Unie svobody / Demokratická unie,104,2001
CZ,Unie svobody,905,Unie svobody / Demokratická unie,104,2001
DE,Partei des Demokratischen Sozialismus,86,Die Linke,1545,2007
EE,Eestimaa Rahvalliit,110,Eesti Konservatiivne Rahvaerakond,4094,2012
EE,Isamaaliit,779,Erakond Isamaa ja Res Publica Liit,685,2006
EE,Ühendus vabariigi eest / Res Publica,491,Erakond Isamaa ja Res Publica Liit,685,2006
FR,Démocratie Libérale,4364,Union pour un mouvement populaire,1595,2002
FR,Rassemblement pour la République,509,Union pour un mouvement populaire,1595,2002
IT,Centro Cristiano Democratico  / Cristiani Democratici Uniti (Biancofiore),962,Unione dei Democratici Cristiani e Democratici di Centro,1758,2002
IT,Centro Cristiano Democratico,1767,Unione dei Democratici Cristiani e Democratici di Centro,1758,2002
IT,Democratici di Sinistra,878,Partito Democratico,802,2007
IT,Democrazia è Libertà — La Margherita,279,Partito Democratico,802,2007
IT,L'Ulivo,1737,Partito Democratico,802,2007
PL,Kongres Liberalno-Demokratyczny,153,Unia Wolności,8268,1994
PL,Unia Demokratyczna,1046,Unia Wolności,8268,1994
PL,Wiosna,7356,Nowa Lewica,9349,2021
RO,Partidul Democrat,1715,Partidul Democrat-Liberal,660,2007
RO,Partidul Democrat-Liberal,660,Partidul Naţional Liberal,481,2014
RO,Partidul Liberal Democrat,874,Partidul Democrat-Liberal,660,2007
RO,"Partidul Libertate, Unitate și Solidaritate (PLUS) [og]",,Uniunea Salvați România,5969,2021
RO,Partidul Libertății Unității și Solidarității (PLUS) [og],,Uniunea Salvați România,5969,2021
RO,Partidul Social Democrat Român,1034,Partidul Social Democrat,120,2001
IT,Alleanza Nazionale,813,Il Popolo della Libertà,365,2008
IT,Forza Italia,1626,Il Popolo della Libertà,365,2008
LV,Jaunais Laiks,1531,Vienotība,852,2010
LV,Latvijas Ceļš,1043,Latvijas Pirmā partija / Latvijas Ceļš,461,2006
LV,Latvijas Pirmā partija,1778,Latvijas Pirmā partija / Latvijas Ceļš,461,2006
LV,Pilsoniskā savienība,415,Vienotība,852,2010
LV,Sabiedrība citai politikai,627,Vienotība,852,2010
LV,Tēvzemei un Brīvībai / LNNK,1704,Nacionālā apvienība,7619,2010
LV,Visu Latvijai!,506,Nacionālā apvienība,7619,2010
PL,Socjaldemokracja Rzeczypospolitej Polskiej,8224,Sojusz Lewicy Demokratycznej,57,1991
